"air_temperature","sea_temperature","station"
8.75,11.42,M2
8.799,11.428,M2
8.994,11.42,M2
8.945,11.353,M2
8.945,11.303,M2
9.092,11.349,M2
9.336,11.364,M2
9.434,11.354,M2
8.701,11.318,M2
8.945,11.325,M2
8.652,11.307,M2
8.408,11.307,M2
8.604,11.301,M2
8.457,11.301,M2
7.822,11.329,M2
7.822,11.349,M2
7.871,11.375,M2
7.725,11.391,M2
7.822,11.391,M2
7.725,11.375,M2
7.139,11.384,M2
6.895,11.343,M2
6.895,11.294,M2
6.748,11.314,M2
6.65,11.298,M2
6.699,11.303,M2
6.553,11.338,M2
6.65,11.32,M2
6.162,11.27,M2
6.016,11.252,M2
5.088,11.224,M2
4.99,11.23,M2
4.941,11.232,M2
5.283,11.248,M2
6.162,11.261,M2
6.602,11.263,M2
7.09,11.252,M2
7.236,11.245,M2
7.041,11.252,M2
7.578,11.215,M2
7.871,11.175,M2
8.604,11.118,M2
9.043,11.104,M2
9.336,11.142,M2
9.531,11.153,M2
9.434,11.146,M2
9.141,11.158,M2
9.873,11.179,M2
10.02,11.188,M2
10.02,11.186,M2
10.117,11.162,M2
10.996,11.162,M2
10.85,11.115,M2
10.85,11.12,M2
10.898,11.168,M2
10.947,11.18,M2
11.045,11.155,M2
10.801,11.113,M2
10.85,11.107,M2
11.484,11.122,M2
11.484,11.18,M2
11.631,11.157,M2
11.68,11.153,M2
11.631,11.124,M2
11.729,11.219,M2
11.875,11.294,M2
12.07,11.296,M2
12.021,11.252,M2
13.633,11.212,M2
13.34,11.147,M2
13.096,11.153,M2
12.51,11.144,M2
12.51,11.14,M2
12.559,11.144,M2
12.119,11.162,M2
11.777,11.201,M2
11.68,11.213,M2
11.777,11.195,M2
11.533,11.195,M2
11.533,11.201,M2
11.68,11.206,M2
11.777,11.149,M2
11.729,11.14,M2
11.68,11.146,M2
11.729,11.115,M2
11.777,11.142,M2
11.631,11.191,M2
11.582,11.184,M2
11.143,11.171,M2
11.289,11.155,M2
11.045,11.146,M2
11.143,11.131,M2
10.947,11.131,M2
10.85,11.104,M2
10.752,11.072,M2
10.801,11.118,M2
10.752,11.157,M2
10.703,11.206,M2
10.41,11.16,M2
10.654,11.147,M2
10.703,11.138,M2
10.947,11.138,M2
11.24,11.124,M2
11.191,11.124,M2
11.289,11.124,M2
11.289,11.116,M2
11.387,11.113,M2
11.338,11.061,M2
11.191,11.045,M2
11.191,11.072,M2
11.387,11.071,M2
10.605,11.074,M2
10.264,11.085,M2
10.313,11.098,M2
9.922,11.096,M2
9.824,11.105,M2
9.775,11.06,M2
9.727,11.021,M2
9.727,10.988,M2
9.629,11.06,M2
9.482,11.06,M2
9.58,11.063,M2
9.092,11.054,M2
9.189,11.047,M2
9.287,10.975,M2
9.336,11.01,M2
9.482,11.01,M2
9.678,11.021,M2
10.117,10.972,M2
10.508,11.012,M2
10.605,11.065,M2
10.947,11.074,M2
10.996,11.074,M2
11.094,11.067,M2
11.68,11.082,M2
11.387,11.08,M2
11.631,11.047,M2
10.85,11.041,M2
10.703,11.045,M2
10.752,11.038,M2
10.801,11.047,M2
10.557,11.063,M2
9.922,11.089,M2
9.873,11.1,M2
9.824,11.096,M2
9.971,11.094,M2
9.922,11.083,M2
9.434,11.038,M2
9.775,11.019,M2
10.02,11.05,M2
9.141,11.061,M2
7.188,10.937,M2
7.139,10.942,M2
7.578,10.95,M2
7.969,10.946,M2
8.652,10.944,M2
9.238,10.941,M2
9.092,10.941,M2
8.701,10.955,M2
8.408,10.955,M2
8.652,10.933,M2
8.701,10.937,M2
8.701,10.944,M2
8.701,10.95,M2
8.848,10.915,M2
8.213,10.898,M2
8.506,10.906,M2
9.629,10.911,M2
8.848,10.909,M2
8.848,10.92,M2
9.678,10.939,M2
10.996,10.937,M2
11.387,10.92,M2
11.68,10.913,M2
11.875,10.906,M2
11.533,10.897,M2
11.777,10.893,M2
11.68,10.902,M2
11.68,10.904,M2
11.924,10.909,M2
11.094,10.909,M2
10.85,10.906,M2
10.068,10.906,M2
10.264,10.904,M2
9.727,10.893,M2
9.629,10.88,M2
9.727,10.869,M2
9.531,10.886,M2
8.896,10.898,M2
9.043,10.904,M2
9.092,10.897,M2
8.848,10.864,M2
8.994,10.84,M2
9.434,10.862,M2
9.141,10.845,M2
9.141,10.844,M2
8.848,10.845,M2
9.092,10.845,M2
7.969,10.853,M2
8.652,10.865,M2
8.555,10.88,M2
8.75,10.886,M2
8.896,10.867,M2
8.994,10.849,M2
9.141,10.823,M2
9.141,10.814,M2
9.238,10.82,M2
10.264,10.814,M2
12.119,10.822,M2
12.217,10.827,M2
12.021,10.822,M2
10.41,10.829,M2
11.631,10.822,M2
11.533,10.789,M2
11.045,10.792,M2
10.85,10.801,M2
10.752,10.809,M2
10.85,10.803,M2
10.166,10.79,M2
10.264,10.796,M2
9.58,10.803,M2
9.629,10.853,M2
9.238,10.836,M2
9.336,10.829,M2
8.799,10.834,M2
8.701,10.8,M2
9.141,10.776,M2
8.848,10.778,M2
9.141,10.768,M2
9.092,10.754,M2
8.75,10.754,M2
8.701,10.746,M2
8.604,10.759,M2
8.506,10.748,M2
8.604,10.739,M2
8.018,10.735,M2
8.799,10.746,M2
8.799,10.756,M2
8.799,10.768,M2
8.799,10.763,M2
8.945,10.732,M2
9.092,10.719,M2
9.58,10.726,M2
9.775,10.739,M2
9.727,10.723,M2
9.482,10.697,M2
9.727,10.719,M2
9.727,10.657,M2
9.922,10.673,M2
10.117,10.695,M2
10.215,10.726,M2
10.41,10.701,M2
10.41,10.712,M2
9.678,10.735,M2
9.727,10.737,M2
9.58,10.732,M2
8.896,10.723,M2
8.604,10.706,M2
8.115,10.677,M2
7.725,10.682,M2
7.529,10.681,M2
7.334,10.693,M2
7.578,10.728,M2
7.773,10.721,M2
7.383,10.746,M2
7.432,10.756,M2
7.188,10.728,M2
6.65,10.741,M2
6.211,10.721,M2
6.309,10.695,M2
6.309,10.662,M2
6.064,10.655,M2
5.918,10.673,M2
5.918,10.675,M2
6.309,10.695,M2
6.309,10.697,M2
6.65,10.703,M2
6.699,10.684,M2
6.602,10.664,M2
6.602,10.67,M2
6.211,10.637,M2
6.357,10.464,M2
6.504,10.433,M2
6.309,10.422,M2
6.553,10.411,M2
6.553,10.463,M2
6.455,10.499,M2
6.504,10.541,M2
6.797,10.642,M2
6.748,10.631,M2
5.723,10.618,M2
6.016,10.545,M2
6.064,10.457,M2
6.26,10.367,M2
6.064,10.259,M2
5.625,10.212,M2
5.381,10.225,M2
5.088,10.243,M2
5.332,10.285,M2
5.088,10.419,M2
5.576,10.53,M2
5.918,10.589,M2
5.381,10.582,M2
4.941,10.563,M2
4.99,10.486,M2
4.844,10.426,M2
4.6,10.272,M2
4.795,10.208,M2
4.404,10.204,M2
4.063,10.243,M2
4.063,10.415,M2
4.404,10.413,M2
4.355,10.488,M2
4.453,10.512,M2
4.16,10.435,M2
4.111,10.265,M2
3.965,10.062,M2
3.916,10.056,M2
3.77,10.02,M2
4.063,10.054,M2
4.16,10.071,M2
4.111,10.239,M2
4.16,10.358,M2
4.111,10.395,M2
4.16,10.441,M2
4.111,10.468,M2
3.916,10.417,M2
3.867,10.408,M2
3.916,10.115,M2
3.77,10.01,M2
3.965,9.977,M2
4.258,9.965,M2
4.355,10.018,M2
4.355,10.19,M2
4.551,10.373,M2
4.355,10.472,M2
4.453,10.466,M2
4.16,10.459,M2
4.307,10.453,M2
4.063,10.448,M2
4.063,10.333,M2
4.404,10.272,M2
4.502,10.025,M2
4.551,10.016,M2
4.746,10.056,M2
4.258,10.15,M2
5.039,10.446,M2
5.576,10.457,M2
5.625,10.466,M2
5.43,10.463,M2
5.039,10.464,M2
5.332,10.463,M2
5.186,10.452,M2
5.088,10.444,M2
5.039,10.443,M2
5.381,10.201,M2
5.869,10.204,M2
6.309,10.437,M2
6.65,10.439,M2
5.576,10.453,M2
5.283,10.439,M2
5.137,10.437,M2
5.234,10.441,M2
4.502,10.43,M2
4.502,10.411,M2
4.795,10.406,M2
4.893,10.402,M2
4.746,10.41,M2
4.502,10.419,M2
4.746,10.411,M2
4.795,10.384,M2
4.99,10.389,M2
4.844,10.444,M2
5.039,10.43,M2
5.479,10.43,M2
5.43,10.421,M2
5.332,10.422,M2
5.918,10.41,M2
6.113,10.421,M2
6.357,10.424,M2
6.553,10.402,M2
6.357,10.435,M2
6.064,10.461,M2
6.113,10.475,M2
6.26,10.492,M2
6.113,10.488,M2
6.309,10.474,M2
5.137,10.466,M2
5.381,10.441,M2
5.576,10.437,M2
5.332,10.439,M2
4.795,10.437,M2
5.234,10.452,M2
5.479,10.439,M2
5.918,10.413,M2
5.82,10.435,M2
6.211,10.453,M2
6.748,10.464,M2
7.041,10.446,M2
7.09,10.419,M2
7.236,10.402,M2
7.529,10.448,M2
7.529,10.439,M2
7.432,10.424,M2
7.578,10.441,M2
7.578,10.419,M2
7.529,10.4,M2
7.578,10.43,M2
7.48,10.419,M2
7.676,10.415,M2
7.578,10.406,M2
7.92,10.421,M2
7.822,10.395,M2
7.871,10.38,M2
7.676,10.378,M2
7.822,10.36,M2
7.773,10.402,M2
7.969,10.395,M2
7.92,10.386,M2
8.115,10.395,M2
8.213,10.406,M2
8.311,10.408,M2
8.262,10.411,M2
8.262,10.402,M2
8.115,10.397,M2
8.066,10.129,M2
7.676,10.1,M2
7.92,10.111,M2
7.969,10.344,M2
8.164,10.353,M2
8.359,10.391,M2
8.262,10.395,M2
9.092,10.399,M2
9.189,10.391,M2
9.336,10.388,M2
9.238,10.382,M2
8.994,10.356,M2
8.75,9.99,M2
8.75,9.99,M2
8.359,10.018,M2
8.652,10.107,M2
8.848,10.252,M2
8.994,10.366,M2
9.043,10.377,M2
8.945,10.384,M2
9.238,10.377,M2
8.896,10.378,M2
9.238,10.364,M2
9.531,10.344,M2
9.482,10.04,M2
9.58,10.084,M2
9.678,10.1,M2
9.873,10.128,M2
9.775,10.155,M2
9.58,10.351,M2
9.58,10.34,M2
9.385,10.362,M2
9.775,10.373,M2
9.775,10.345,M2
9.678,10.278,M2
9.727,10.221,M2
9.775,10.137,M2
9.873,10.153,M2
9.287,10.287,M2
9.141,10.356,M2
9.434,10.338,M2
9.434,10.362,M2
9.678,10.369,M2
9.775,10.358,M2
9.775,10.369,M2
9.824,10.307,M2
9.727,10.221,M2
9.678,10.056,M2
9.629,10.32,M2
9.727,10.329,M2
9.336,10.331,M2
9.189,10.323,M2
8.896,10.292,M2
9.287,10.296,M2
9.385,10.305,M2
9.727,10.318,M2
9.824,10.334,M2
9.678,10.327,M2
9.678,10.291,M2
9.678,10.126,M2
9.531,10.034,M2
9.482,10.056,M2
9.629,10.327,M2
9.629,10.318,M2
9.775,10.285,M2
9.824,10.278,M2
9.922,10.289,M2
9.629,10.316,M2
9.678,10.261,M2
9.873,10.305,M2
9.727,10.287,M2
9.971,10.314,M2
9.727,10.316,M2
9.824,10.311,M2
9.727,10.281,M2
9.678,10.269,M2
9.629,10.276,M2
9.482,10.272,M2
9.336,10.276,M2
9.434,10.294,M2
9.482,10.302,M2
9.238,10.14,M2
9.189,10.089,M2
8.896,10.047,M2
8.799,10.201,M2
8.848,10.252,M2
8.555,10.27,M2
8.555,10.252,M2
8.555,10.248,M2
8.506,10.234,M2
8.604,10.254,M2
8.506,10.259,M2
8.555,10.245,M2
8.652,10.226,M2
8.506,10.175,M2
8.457,10.131,M2
8.506,10.168,M2
8.555,10.219,M2
8.604,10.245,M2
8.604,10.239,M2
8.311,10.226,M2
8.262,10.239,M2
8.213,10.232,M2
8.213,10.206,M2
8.408,10.166,M2
8.262,10.126,M2
8.262,10.069,M2
8.164,10.098,M2
7.871,10.21,M2
7.92,10.17,M2
7.773,10.179,M2
7.676,10.162,M2
7.529,10.179,M2
7.383,10.182,M2
7.285,10.146,M2
7.383,10.078,M2
7.432,10.146,M2
7.334,10.144,M2
6.895,10.14,M2
7.432,10.195,M2
7.285,10.173,M2
7.48,10.168,M2
7.383,10.186,M2
7.383,10.203,M2
7.236,10.195,M2
7.236,10.193,M2
7.285,10.17,M2
6.992,10.1,M2
6.943,10.144,M2
6.846,10.148,M2
6.895,10.128,M2
6.895,10.146,M2
6.846,10.107,M2
6.846,10.106,M2
6.309,10.144,M2
6.65,10.144,M2
6.553,10.144,M2
6.309,10.038,M2
6.406,10.049,M2
6.406,10.104,M2
6.602,9.939,M2
6.992,9.985,M2
7.041,10.111,M2
7.236,10.089,M2
7.236,10.062,M2
6.992,10.115,M2
6.895,10.142,M2
6.65,10.142,M2
6.846,10.129,M2
7.432,10.102,M2
7.725,10.003,M2
7.432,10.009,M2
7.725,10.071,M2
7.676,9.91,M2
7.725,10.025,M2
7.627,10.04,M2
7.432,10.02,M2
7.432,10.036,M2
7.188,10.12,M2
6.895,10.095,M2
7.09,10.107,M2
7.09,10.1,M2
6.699,10.063,M2
7.041,9.976,M2
7.627,9.979,M2
7.529,9.999,M2
7.725,10.009,M2
8.408,9.994,M2
8.75,9.879,M2
8.994,9.998,M2
9.043,9.992,M2
8.994,9.996,M2
8.945,9.987,M2
9.043,9.926,M2
9.141,9.922,M2
9.238,9.941,M2
9.238,9.899,M2
9.336,9.886,M2
9.922,9.895,M2
10.02,9.89,M2
10.068,9.886,M2
10.117,9.948,M2
9.531,9.937,M2
9.482,9.921,M2
9.141,9.919,M2
9.043,9.902,M2
8.604,9.899,M2
8.555,9.91,M2
8.457,9.941,M2
8.701,9.813,M2
8.799,9.787,M2
8.896,9.776,M2
8.896,9.776,M2
8.848,9.791,M2
8.799,9.813,M2
8.994,9.822,M2
8.652,9.875,M2
8.457,9.855,M2
8.213,9.818,M2
8.213,9.787,M2
8.213,9.743,M2
8.652,11.906,M3
8.848,11.873,M3
9.238,11.88,M3
8.506,11.862,M3
9.824,11.851,M3
10.068,11.807,M3
10.166,11.763,M3
8.799,11.717,M3
8.799,11.732,M3
9.092,11.724,M3
9.092,11.728,M3
8.945,11.735,M3
9.336,11.776,M3
9.58,11.799,M3
9.287,11.823,M3
8.848,11.83,M3
8.506,11.83,M3
8.457,11.821,M3
8.311,11.794,M3
7.92,11.761,M3
8.652,11.741,M3
9.043,11.699,M3
8.848,11.596,M3
8.799,11.462,M3
8.848,11.45,M3
8.945,11.389,M3
8.994,11.343,M3
9.092,11.338,M3
9.238,11.353,M3
9.287,11.336,M3
9.287,11.353,M3
9.434,11.382,M3
9.629,11.404,M3
9.727,11.418,M3
9.922,11.446,M3
10.117,11.44,M3
10.166,11.437,M3
10.361,11.429,M3
10.313,11.418,M3
10.508,11.418,M3
10.801,11.398,M3
11.338,11.42,M3
10.801,11.446,M3
10.947,11.47,M3
11.826,11.539,M3
11.777,11.572,M3
12.021,11.592,M3
12.119,11.609,M3
11.582,11.622,M3
11.826,11.622,M3
11.582,11.62,M3
11.484,11.622,M3
11.777,11.616,M3
12.412,11.596,M3
12.559,11.592,M3
12.754,11.589,M3
12.607,11.609,M3
12.607,11.613,M3
12.656,11.636,M3
12.607,11.673,M3
12.705,11.693,M3
13.047,11.688,M3
13.096,11.702,M3
12.949,11.651,M3
12.9,11.602,M3
12.852,11.567,M3
12.852,11.576,M3
12.852,11.58,M3
12.852,11.607,M3
12.656,11.631,M3
12.803,11.646,M3
12.656,11.673,M3
12.314,11.689,M3
12.656,11.695,M3
12.607,11.697,M3
12.656,11.684,M3
12.607,11.669,M3
12.559,11.653,M3
12.461,11.647,M3
12.461,11.649,M3
12.314,11.666,M3
12.412,11.7,M3
12.363,11.739,M3
12.314,11.752,M3
12.314,11.761,M3
12.266,11.766,M3
12.168,11.759,M3
12.217,11.737,M3
12.217,11.693,M3
12.119,11.667,M3
11.289,11.666,M3
11.533,11.667,M3
12.559,11.675,M3
12.656,11.677,M3
12.705,11.693,M3
12.656,11.783,M3
12.461,11.915,M3
12.51,11.922,M3
12.559,11.924,M3
12.607,11.904,M3
12.656,11.856,M3
12.656,11.829,M3
12.412,11.814,M3
12.266,11.807,M3
12.168,11.834,M3
11.777,11.84,M3
11.24,11.88,M3
11.191,11.911,M3
11.143,11.917,M3
10.654,11.917,M3
11.143,11.911,M3
11.191,11.874,M3
10.947,11.832,M3
10.947,11.81,M3
11.094,11.799,M3
10.85,11.836,M3
11.143,11.869,M3
10.508,11.889,M3
10.02,11.893,M3
11.094,11.893,M3
11.191,11.893,M3
10.801,11.891,M3
11.191,11.889,M3
11.484,11.885,M3
11.582,11.884,M3
11.582,11.88,M3
11.582,11.871,M3
11.924,11.871,M3
11.875,11.873,M3
11.729,11.874,M3
11.533,11.867,M3
11.777,11.845,M3
11.777,11.836,M3
11.191,11.816,M3
10.068,11.807,M3
10.703,11.797,M3
10.459,11.779,M3
10.459,11.766,M3
10.41,11.776,M3
10.361,11.781,M3
10.264,11.761,M3
10.557,11.77,M3
10.264,11.763,M3
9.824,11.763,M3
8.262,11.766,M3
9.189,11.763,M3
9.385,11.759,M3
9.873,11.766,M3
9.824,11.79,M3
10.313,11.783,M3
10.215,11.752,M3
9.727,11.721,M3
10.313,11.689,M3
9.092,11.686,M3
10.02,11.673,M3
10.02,11.669,M3
10.117,11.675,M3
10.264,11.675,M3
10.166,11.68,M3
10.166,11.677,M3
10.459,11.68,M3
10.264,11.677,M3
9.287,11.691,M3
9.043,11.68,M3
9.482,11.671,M3
10.752,11.66,M3
12.266,11.664,M3
12.754,11.664,M3
12.803,11.671,M3
12.949,11.682,M3
12.803,11.688,M3
12.949,11.686,M3
12.852,11.691,M3
12.949,11.706,M3
12.9,11.717,M3
12.852,11.726,M3
11.436,11.732,M3
10.703,11.728,M3
11.533,11.73,M3
10.752,11.728,M3
11.289,11.728,M3
11.191,11.735,M3
9.971,11.739,M3
10.898,11.73,M3
10.068,11.737,M3
10.215,11.73,M3
10.654,11.711,M3
9.58,11.697,M3
10.557,11.686,M3
10.654,11.675,M3
10.996,11.669,M3
10.947,11.671,M3
11.484,11.664,M3
11.533,11.656,M3
10.605,11.667,M3
10.752,11.678,M3
11.338,11.691,M3
11.582,11.71,M3
11.924,11.721,M3
11.68,11.732,M3
11.436,11.732,M3
11.777,11.728,M3
11.973,11.728,M3
11.631,11.73,M3
11.582,11.73,M3
12.217,11.743,M3
12.461,11.75,M3
12.705,11.755,M3
12.07,11.755,M3
12.07,11.75,M3
12.168,11.748,M3
12.021,11.722,M3
12.363,11.708,M3
12.266,11.693,M3
12.266,11.693,M3
11.973,11.704,M3
11.436,11.717,M3
10.996,11.728,M3
10.801,11.75,M3
10.947,11.761,M3
10.898,11.757,M3
11.094,11.719,M3
10.654,11.715,M3
10.508,11.719,M3
10.508,11.722,M3
10.41,11.746,M3
9.531,11.746,M3
9.873,11.744,M3
10.02,11.743,M3
9.727,11.735,M3
10.166,11.735,M3
9.775,11.737,M3
10.215,11.728,M3
10.264,11.722,M3
10.41,11.724,M3
10.361,11.711,M3
10.557,11.699,M3
10.41,11.7,M3
10.605,11.715,M3
10.605,11.721,M3
10.85,11.733,M3
11.045,11.737,M3
11.24,11.737,M3
10.947,11.73,M3
11.387,11.726,M3
11.289,11.717,M3
11.924,11.7,M3
11.875,11.688,M3
11.777,11.684,M3
10.508,11.678,M3
10.117,11.669,M3
9.678,11.667,M3
10.068,11.662,M3
10.313,11.664,M3
9.385,11.644,M3
9.434,11.635,M3
8.799,11.633,M3
8.945,11.625,M3
8.359,11.635,M3
8.066,11.633,M3
8.604,11.642,M3
8.164,11.646,M3
7.139,11.653,M3
8.066,11.651,M3
8.408,11.66,M3
6.992,11.666,M3
8.213,11.649,M3
7.236,11.644,M3
7.09,11.635,M3
8.506,11.624,M3
8.359,11.613,M3
8.604,11.613,M3
8.701,11.62,M3
8.262,11.622,M3
8.164,11.625,M3
9.092,11.629,M3
7.627,11.62,M3
8.311,11.62,M3
8.604,11.614,M3
7.871,11.614,M3
8.994,11.624,M3
9.043,11.613,M3
9.141,11.631,M3
9.238,11.64,M3
8.262,11.636,M3
7.969,11.613,M3
8.945,11.567,M3
7.188,11.563,M3
6.309,11.537,M3
6.504,11.536,M3
6.357,11.516,M3
5.771,11.541,M3
7.432,11.55,M3
7.334,11.541,M3
7.334,11.541,M3
8.359,11.53,M3
7.92,11.55,M3
8.506,11.545,M3
8.213,11.554,M3
8.213,11.572,M3
8.262,11.583,M3
7.871,11.585,M3
8.066,11.607,M3
7.725,11.616,M3
7.92,11.622,M3
8.408,11.532,M3
7.48,11.495,M3
5.918,11.486,M3
7.236,11.457,M3
7.236,11.451,M3
5.723,11.428,M3
6.846,11.424,M3
7.041,11.411,M3
7.529,11.382,M3
7.383,11.362,M3
7.188,11.329,M3
6.943,11.321,M3
6.895,11.246,M3
6.846,11.184,M3
5.479,11.142,M3
6.26,11.261,M3
4.844,11.243,M3
4.844,11.228,M3
4.844,11.219,M3
5.088,11.21,M3
4.648,11.213,M3
4.941,11.261,M3
5.674,11.331,M3
5.82,11.323,M3
5.918,11.272,M3
5.479,11.201,M3
5.674,11.265,M3
6.211,11.252,M3
6.748,11.186,M3
5.479,11.1,M3
6.455,11.186,M3
4.453,11.186,M3
4.453,11.173,M3
6.357,11.142,M3
6.699,11.155,M3
7.285,11.164,M3
6.504,11.16,M3
6.895,11.116,M3
5.527,11.091,M3
7.285,11.1,M3
5.82,11.047,M3
6.162,11.045,M3
7.139,11.089,M3
5.918,11.1,M3
7.285,11.087,M3
8.018,11.052,M3
8.408,10.975,M3
8.506,10.878,M3
8.066,10.9,M3
8.604,10.93,M3
8.457,10.865,M3
8.066,10.88,M3
6.455,10.9,M3
7.188,10.93,M3
6.846,10.902,M3
7.48,10.842,M3
6.26,10.794,M3
6.699,10.853,M3
6.406,10.88,M3
6.748,10.9,M3
6.748,10.897,M3
6.992,10.886,M3
6.748,10.851,M3
6.602,10.829,M3
6.602,10.818,M3
6.797,10.869,M3
7.041,10.873,M3
6.992,10.922,M3
6.895,10.909,M3
7.09,10.915,M3
6.797,10.92,M3
6.797,10.924,M3
6.992,10.922,M3
6.992,10.878,M3
7.188,10.865,M3
7.139,10.904,M3
7.236,10.913,M3
7.285,10.671,M3
7.432,10.88,M3
7.822,11.027,M3
8.018,11.093,M3
8.457,11.104,M3
8.799,11.089,M3
8.164,11.072,M3
8.555,11.065,M3
8.75,11.032,M3
9.141,10.995,M3
9.385,10.908,M3
10.02,10.833,M3
10.752,10.975,M3
11.045,11.069,M3
11.143,11.085,M3
10.947,11.087,M3
11.094,11.105,M3
9.824,11.104,M3
9.58,11.111,M3
9.238,11.109,M3
9.287,11.104,M3
9.58,11.096,M3
9.336,11.085,M3
9.336,11.115,M3
9.629,11.093,M3
9.727,11.027,M3
9.629,10.972,M3
9.58,10.964,M3
9.482,10.966,M3
9.727,10.981,M3
9.922,11.03,M3
10.068,11.083,M3
10.166,11.076,M3
10.215,11.074,M3
10.313,11.076,M3
10.361,11.083,M3
10.557,11.087,M3
10.801,11.076,M3
11.045,11.052,M3
11.191,10.981,M3
11.24,10.957,M3
11.387,11.111,M3
11.143,11.193,M3
10.898,11.195,M3
10.898,11.188,M3
10.898,11.184,M3
10.801,11.168,M3
10.996,11.169,M3
11.094,11.173,M3
11.338,11.19,M3
11.387,11.191,M3
11.436,11.215,M3
10.996,11.219,M3
10.898,11.195,M3
10.752,11.215,M3
10.801,11.199,M3
10.898,11.19,M3
11.094,11.166,M3
11.289,11.164,M3
11.387,11.162,M3
11.387,11.144,M3
11.289,11.153,M3
10.996,11.177,M3
11.094,11.202,M3
11.045,11.23,M3
11.045,11.25,M3
10.996,11.261,M3
10.947,11.25,M3
10.996,11.237,M3
11.094,11.228,M3
11.094,11.223,M3
10.947,11.217,M3
10.898,11.206,M3
10.85,11.201,M3
10.752,11.169,M3
10.703,11.169,M3
10.752,11.195,M3
10.752,11.208,M3
10.801,11.184,M3
10.898,11.136,M3
10.898,11.147,M3
10.947,11.138,M3
10.996,11.146,M3
11.143,11.173,M3
11.338,11.212,M3
11.289,11.246,M3
11.191,11.243,M3
11.094,11.23,M3
10.947,11.245,M3
10.85,11.228,M3
10.752,11.213,M3
10.752,11.212,M3
10.703,11.21,M3
9.922,11.058,M3
9.629,11.061,M3
9.824,11.08,M3
10.117,11.093,M3
10.313,11.197,M3
10.313,11.219,M3
10.703,11.217,M3
10.801,11.215,M3
10.459,11.206,M3
9.971,11.166,M3
9.727,11.158,M3
9.727,11.155,M3
9.824,11.16,M3
9.971,11.191,M3
10.215,11.19,M3
10.117,11.171,M3
10.264,11.193,M3
10.264,11.19,M3
10.215,11.116,M3
10.41,11.202,M3
10.801,11.153,M3
10.947,11.065,M3
11.045,11.049,M3
11.191,11.032,M3
11.191,11.038,M3
11.24,11.032,M3
11.24,11.036,M3
10.898,11.052,M3
9.824,11.012,M3
9.873,11.016,M3
9.775,11.109,M3
9.873,11.133,M3
9.775,11.131,M3
9.727,11.127,M3
9.434,11.133,M3
9.287,11.146,M3
9.092,11.149,M3
8.896,11.135,M3
8.799,11.109,M3
8.604,11.12,M3
8.652,11.113,M3
8.701,11.113,M3
8.652,11.083,M3
8.75,11.058,M3
8.701,11.14,M3
8.652,11.157,M3
8.799,10.939,M3
8.701,10.939,M3
8.604,10.95,M3
8.506,10.983,M3
8.457,10.999,M3
8.701,10.977,M3
8.799,10.966,M3
8.75,10.975,M3
8.994,10.986,M3
8.799,11.005,M3
8.652,11.006,M3
8.457,11.012,M3
8.115,11.027,M3
8.115,11.049,M3
8.164,11.076,M3
8.115,11.089,M3
8.213,11.08,M3
8.213,11.071,M3
8.262,11.109,M3
8.262,11.193,M3
8.359,11.221,M3
8.359,11.197,M3
8.213,11.14,M3
8.311,11.074,M3
8.408,10.937,M3
8.408,10.953,M3
8.359,10.959,M3
8.457,10.974,M3
8.701,10.961,M3
8.75,10.963,M3
8.604,10.97,M3
8.799,10.988,M3
9.092,10.983,M3
8.896,10.988,M3
8.945,10.983,M3
8.994,10.988,M3
9.238,11.003,M3
9.531,11.01,M3
9.58,11.023,M3
9.58,11.047,M3
9.629,11.12,M3
9.189,11.219,M3
9.336,11.109,M3
9.434,11.144,M3
9.58,11.131,M3
9.873,11.107,M3
10.068,11.129,M3
10.117,11.162,M3
9.971,11.005,M3
10.068,11.006,M3
10.459,10.997,M3
10.557,10.999,M3
10.215,10.992,M3
10.313,10.995,M3
10.117,11.005,M3
9.629,11.087,M3
8.799,11.107,M3
8.75,11.115,M3
8.408,11.1,M3
8.506,11.083,M3
8.896,11.078,M3
8.945,11.078,M3
9.092,11.142,M3
8.262,11.169,M3
8.848,11.19,M3
9.482,11.089,M3
9.531,11.038,M3
10.215,11.034,M3
10.361,11.155,M3
10.801,11.169,M3
10.898,11.155,M3
11.094,11.1,M3
9.678,10.953,M3
10.313,10.957,M3
10.801,10.974,M3
11.143,11.065,M3
11.387,11.1,M3
11.436,11.102,M3
11.338,11.027,M3
11.143,11.028,M3
11.191,11.083,M3
11.338,11.072,M3
10.85,11.058,M3
10.801,11.058,M3
10.85,11.065,M3
11.191,11.034,M3
10.996,11.032,M3
10.85,11.038,M3
10.605,11.019,M3
10.654,11.028,M3
10.752,11.027,M3
10.801,11.016,M3
10.557,11.021,M3
10.459,11.019,M3
10.264,11.019,M3
10.215,11.025,M3
10.02,11.032,M3
9.971,11.021,M3
9.873,11.008,M3
10.117,11.01,M3
10.313,11.021,M3
10.117,11.021,M3
10.361,11.016,M3
10.264,11.005,M3
10.361,11.01,M3
7.139,10.966,M4
5.771,10.959,M4
5.869,10.95,M4
6.455,10.935,M4
6.162,10.955,M4
6.504,10.917,M4
5.674,10.928,M4
5.967,10.902,M4
6.162,10.909,M4
5.332,10.926,M4
5.576,10.891,M4
5.674,10.908,M4
4.941,10.902,M4
5.625,10.831,M4
5.918,10.856,M4
5.576,10.875,M4
5.82,10.88,M4
6.504,10.867,M4
6.846,10.884,M4
7.236,10.865,M4
7.139,10.908,M4
7.09,10.959,M4
7.334,10.95,M4
7.48,10.942,M4
7.09,10.952,M4
7.48,10.939,M4
7.48,10.884,M4
7.676,10.911,M4
8.115,10.911,M4
8.018,10.869,M4
7.676,10.875,M4
8.018,10.871,M4
7.969,10.869,M4
7.432,10.878,M4
8.701,10.878,M4
8.604,10.882,M4
7.725,10.865,M4
7.969,10.886,M4
8.506,10.898,M4
8.994,10.917,M4
8.75,10.917,M4
8.213,10.917,M4
8.164,10.922,M4
8.164,10.919,M4
8.457,10.93,M4
8.359,10.933,M4
8.652,10.928,M4
8.848,10.933,M4
9.385,10.941,M4
10.215,10.941,M4
10.215,10.939,M4
9.922,10.944,M4
10.361,10.948,M4
10.459,10.959,M4
10.313,10.968,M4
9.531,10.966,M4
9.531,10.968,M4
9.043,10.975,M4
8.799,10.979,M4
8.652,10.984,M4
8.75,10.984,M4
9.043,10.99,M4
8.994,10.986,M4
9.189,10.975,M4
9.336,10.953,M4
9.482,10.915,M4
10.068,10.937,M4
11.143,10.952,M4
11.631,10.959,M4
11.533,10.966,M4
11.338,10.983,M4
11.484,10.994,M4
11.484,10.997,M4
11.338,11.005,M4
11.24,11.017,M4
11.143,11.03,M4
10.459,11.032,M4
11.045,11.021,M4
10.996,11.014,M4
11.143,11.006,M4
11.191,10.997,M4
11.143,11.016,M4
11.094,11.034,M4
10.947,11.045,M4
10.605,11.047,M4
10.557,11.043,M4
10.41,11.036,M4
9.873,11.039,M4
10.117,11.034,M4
9.971,11.027,M4
10.068,11.041,M4
9.873,11.039,M4
9.824,11.049,M4
10.02,11.054,M4
10.166,11.06,M4
10.459,11.065,M4
10.508,11.063,M4
9.873,11.06,M4
9.531,11.065,M4
9.727,11.054,M4
11.338,11.05,M4
11.289,11.043,M4
11.338,11.034,M4
11.729,11.023,M4
11.729,11.027,M4
10.361,11.023,M4
9.873,11.008,M4
9.922,11.001,M4
9.531,11.006,M4
9.678,11.014,M4
9.385,11.023,M4
10.068,11.014,M4
10.361,11.021,M4
10.361,11.027,M4
9.336,11.038,M4
10.068,11.045,M4
10.02,11.063,M4
10.264,11.056,M4
10.068,11.063,M4
10.166,11.054,M4
10.166,11.054,M4
9.971,11.06,M4
9.873,11.056,M4
9.922,11.05,M4
9.58,11.052,M4
9.678,11.043,M4
9.775,11.052,M4
9.434,11.045,M4
9.824,11.049,M4
9.629,11.036,M4
8.945,11.028,M4
9.043,11.01,M4
9.531,11.001,M4
9.678,10.979,M4
10.313,10.891,M4
9.727,10.867,M4
9.678,10.854,M4
9.58,10.851,M4
9.385,10.829,M4
9.189,10.84,M4
9.336,10.988,M4
9.434,10.992,M4
9.531,11.001,M4
8.994,10.992,M4
8.799,10.984,M4
6.406,10.986,M4
7.92,10.984,M4
8.75,10.992,M4
7.969,10.972,M4
7.432,10.974,M4
7.676,10.992,M4
8.994,10.935,M4
9.141,10.931,M4
8.652,10.93,M4
9.336,10.935,M4
9.58,10.942,M4
9.189,10.95,M4
8.994,10.941,M4
8.994,10.939,M4
9.189,10.939,M4
9.336,10.944,M4
9.141,10.948,M4
9.336,10.941,M4
9.043,10.933,M4
9.385,10.906,M4
9.482,10.9,M4
8.359,10.898,M4
6.602,10.893,M4
7.236,10.889,M4
7.48,10.884,M4
11.338,10.891,M4
11.289,10.891,M4
10.996,10.891,M4
10.947,10.884,M4
10.85,10.876,M4
10.41,10.865,M4
10.264,10.838,M4
9.775,10.831,M4
10.313,10.873,M4
9.482,10.886,M4
9.238,10.891,M4
9.629,10.895,M4
9.531,10.88,M4
9.336,10.882,M4
8.506,10.867,M4
8.848,10.875,M4
8.311,10.882,M4
8.604,10.882,M4
8.604,10.887,M4
9.287,10.875,M4
8.896,10.876,M4
9.189,10.876,M4
8.164,10.867,M4
8.213,10.862,M4
8.896,10.86,M4
8.359,10.845,M4
7.676,10.834,M4
8.848,10.822,M4
8.701,10.814,M4
9.238,10.818,M4
9.287,10.825,M4
9.434,10.834,M4
8.896,10.827,M4
9.238,10.816,M4
9.385,10.805,M4
7.48,10.82,M4
7.627,10.805,M4
7.92,10.796,M4
8.262,10.796,M4
8.604,10.807,M4
8.311,10.812,M4
9.971,10.823,M4
11.191,10.823,M4
11.289,10.822,M4
10.264,10.807,M4
9.141,10.803,M4
9.824,10.789,M4
9.678,10.79,M4
8.994,10.781,M4
8.604,10.767,M4
8.799,10.768,M4
9.189,10.778,M4
9.092,10.778,M4
9.482,10.77,M4
9.873,10.774,M4
9.482,10.759,M4
9.58,10.757,M4
9.873,10.756,M4
9.922,10.754,M4
9.287,10.752,M4
8.604,10.748,M4
9.531,10.748,M4
8.799,10.739,M4
8.994,10.735,M4
8.994,10.741,M4
8.652,10.741,M4
9.238,10.734,M4
9.238,10.73,M4
8.75,10.726,M4
9.336,10.734,M4
9.58,10.723,M4
7.188,10.719,M4
8.848,10.717,M4
8.457,10.717,M4
8.018,10.728,M4
7.529,10.721,M4
9.434,10.717,M4
10.264,10.726,M4
10.41,10.719,M4
9.531,10.723,M4
8.848,10.715,M4
8.506,10.71,M4
7.92,10.703,M4
7.969,10.699,M4
7.236,10.695,M4
7.383,10.699,M4
7.48,10.69,M4
7.725,10.695,M4
6.553,10.681,M4
6.943,10.688,M4
8.115,10.684,M4
7.334,10.681,M4
7.822,10.686,M4
7.676,10.681,M4
7.725,10.681,M4
8.164,10.675,M4
7.383,10.67,M4
8.115,10.662,M4
7.92,10.657,M4
7.822,10.671,M4
7.969,10.67,M4
7.871,10.668,M4
8.262,10.659,M4
7.578,10.646,M4
6.895,10.644,M4
7.236,10.64,M4
7.48,10.635,M4
7.139,10.622,M4
8.75,10.618,M4
8.652,10.624,M4
7.969,10.62,M4
8.311,10.629,M4
6.65,10.624,M4
6.699,10.622,M4
7.48,10.626,M4
7.041,10.629,M4
7.48,10.629,M4
7.92,10.629,M4
8.066,10.627,M4
5.82,10.618,M4
6.455,10.616,M4
5.869,10.622,M4
6.309,10.629,M4
5.771,10.629,M4
5.967,10.626,M4
5.625,10.626,M4
5.967,10.616,M4
5.723,10.616,M4
5.43,10.615,M4
5.332,10.615,M4
5.332,10.615,M4
5.283,10.602,M4
5.527,10.596,M4
5.381,10.596,M4
5.186,10.583,M4
5.674,10.585,M4
5.332,10.585,M4
4.697,10.591,M4
5.234,10.583,M4
5.479,10.582,M4
5.43,10.578,M4
5.234,10.583,M4
5.283,10.602,M4
5.137,10.6,M4
5.039,10.602,M4
4.209,10.613,M4
3.818,10.622,M4
3.086,10.609,M4
4.16,10.585,M4
5.137,10.602,M4
5.332,10.62,M4
5.43,10.602,M4
5.479,10.607,M4
4.307,10.589,M4
4.893,10.578,M4
4.404,10.565,M4
4.99,10.562,M4
5.381,10.585,M4
4.502,10.583,M4
5.82,10.594,M4
4.893,10.591,M4
5.869,10.602,M4
5.43,10.578,M4
5.771,10.534,M4
6.309,10.54,M4
6.895,10.547,M4
7.139,10.541,M4
7.09,10.545,M4
7.139,10.545,M4
7.188,10.547,M4
7.627,10.529,M4
7.188,10.54,M4
7.725,10.541,M4
8.115,10.532,M4
8.018,10.538,M4
5.967,10.527,M4
5.918,10.523,M4
6.26,10.516,M4
5.869,10.514,M4
5.625,10.519,M4
4.795,10.503,M4
5.771,10.497,M4
6.602,10.508,M4
6.504,10.499,M4
6.406,10.488,M4
6.65,10.507,M4
6.553,10.505,M4
6.895,10.525,M4
6.455,10.525,M4
5.332,10.519,M4
5.088,10.507,M4
6.992,10.51,M4
6.895,10.53,M4
5.967,10.532,M4
6.895,10.552,M4
6.797,10.534,M4
6.65,10.545,M4
6.748,10.53,M4
6.309,10.512,M4
5.283,10.514,M4
5.527,10.492,M4
5.137,10.475,M4
6.064,10.468,M4
6.455,10.477,M4
6.797,10.466,M4
7.139,10.483,M4
6.992,10.49,M4
7.139,10.49,M4
7.236,10.49,M4
7.09,10.508,M4
6.992,10.492,M4
7.09,10.492,M4
7.188,10.485,M4
7.236,10.463,M4
7.188,10.455,M4
7.334,10.474,M4
7.578,10.479,M4
7.627,10.479,M4
7.725,10.475,M4
7.627,10.475,M4
7.725,10.472,M4
7.432,10.474,M4
7.48,10.486,M4
7.432,10.468,M4
7.334,10.466,M4
7.236,10.464,M4
7.285,10.446,M4
7.236,10.452,M4
7.334,10.446,M4
7.383,10.461,M4
7.383,10.571,M4
7.871,10.571,M4
8.311,10.549,M4
8.604,10.576,M4
8.506,10.574,M4
8.311,10.545,M4
8.311,10.545,M4
8.311,10.543,M4
8.506,10.545,M4
8.701,10.543,M4
8.799,10.545,M4
9.189,10.532,M4
9.727,10.494,M4
9.922,10.563,M4
9.971,10.578,M4
10.117,10.552,M4
10.068,10.527,M4
9.971,10.45,M4
9.971,10.457,M4
9.873,10.453,M4
10.02,10.457,M4
9.971,10.444,M4
10.068,10.497,M4
10.117,10.558,M4
10.117,10.573,M4
10.264,10.605,M4
10.117,10.626,M4
10.557,10.622,M4
10.41,10.583,M4
10.361,10.569,M4
10.264,10.565,M4
10.215,10.585,M4
10.215,10.6,M4
10.264,10.602,M4
10.361,10.593,M4
10.41,10.593,M4
10.508,10.583,M4
10.605,10.569,M4
10.654,10.527,M4
10.166,10.512,M4
10.41,10.536,M4
10.654,10.545,M4
10.605,10.551,M4
10.264,10.552,M4
10.117,10.565,M4
10.166,10.565,M4
10.166,10.58,M4
10.313,10.613,M4
10.508,10.618,M4
10.508,10.616,M4
10.508,10.615,M4
10.459,10.613,M4
10.41,10.611,M4
10.41,10.591,M4
10.166,10.565,M4
10.264,10.563,M4
10.166,10.545,M4
10.313,10.551,M4
9.971,10.554,M4
10.166,10.556,M4
10.508,10.552,M4
10.508,10.529,M4
10.557,10.534,M4
10.508,10.558,M4
10.459,10.571,M4
10.313,10.56,M4
10.313,10.541,M4
10.313,10.512,M4
10.361,10.576,M4
10.508,10.587,M4
10.654,10.589,M4
10.654,10.591,M4
10.654,10.587,M4
10.508,10.589,M4
10.361,10.587,M4
10.264,10.551,M4
9.971,10.552,M4
9.873,10.552,M4
10.068,10.551,M4
9.971,10.545,M4
10.313,10.574,M4
10.264,10.589,M4
10.557,10.604,M4
10.459,10.598,M4
10.703,10.605,M4
10.801,10.602,M4
10.801,10.602,M4
10.752,10.598,M4
10.752,10.574,M4
10.898,10.565,M4
10.703,10.547,M4
9.775,10.547,M4
10.459,10.558,M4
10.313,10.552,M4
10.02,10.552,M4
9.971,10.552,M4
9.727,10.545,M4
9.727,10.54,M4
9.531,10.527,M4
9.58,10.519,M4
9.58,10.521,M4
9.482,10.521,M4
9.531,10.514,M4
9.727,10.523,M4
9.727,10.53,M4
9.727,10.563,M4
9.629,10.563,M4
9.58,10.563,M4
9.385,10.554,M4
9.287,10.545,M4
9.238,10.532,M4
9.287,10.527,M4
9.189,10.508,M4
9.287,10.508,M4
9.043,10.488,M4
9.189,10.488,M4
9.092,10.486,M4
8.994,10.486,M4
9.189,10.49,M4
9.092,10.492,M4
9.189,10.481,M4
9.043,10.472,M4
9.141,10.49,M4
9.141,10.492,M4
8.994,10.494,M4
9.092,10.49,M4
9.043,10.483,M4
8.945,10.497,M4
8.945,10.503,M4
8.896,10.512,M4
8.604,10.523,M4
8.408,10.547,M4
8.311,10.545,M4
8.262,10.512,M4
8.311,10.508,M4
8.311,10.494,M4
8.359,10.486,M4
8.408,10.477,M4
8.311,10.47,M4
8.75,10.468,M4
8.848,10.464,M4
8.945,10.463,M4
8.994,10.463,M4
9.141,10.453,M4
9.189,10.461,M4
8.506,10.463,M4
8.994,10.472,M4
9.482,10.475,M4
9.58,10.475,M4
9.629,10.483,M4
9.629,10.485,M4
9.727,10.501,M4
9.971,10.558,M4
8.994,10.556,M4
8.408,10.552,M4
8.799,10.549,M4
8.408,10.514,M4
8.75,10.501,M4
8.799,10.497,M4
8.75,10.49,M4
8.652,10.479,M4
7.871,10.479,M4
6.455,10.468,M4
7.236,10.466,M4
7.969,10.452,M4
7.627,10.459,M4
8.018,10.45,M4
7.871,10.441,M4
8.018,10.422,M4
7.871,10.43,M4
7.822,10.437,M4
8.066,10.441,M4
8.018,10.453,M4
8.164,10.461,M4
8.604,10.464,M4
8.457,10.474,M4
8.359,10.485,M4
8.994,10.508,M4
9.336,10.523,M4
9.141,10.527,M4
9.287,10.534,M4
9.434,10.527,M4
9.873,10.503,M4
10.166,10.488,M4
10.264,10.475,M4
10.459,10.47,M4
10.654,10.466,M4
10.85,10.468,M4
10.947,10.468,M4
10.898,10.464,M4
10.947,10.457,M4
10.947,10.457,M4
9.922,10.399,M4
10.703,10.395,M4
10.654,10.395,M4
10.605,10.386,M4
10.703,10.386,M4
10.508,10.386,M4
10.264,10.388,M4
10.459,10.386,M4
10.313,10.375,M4
10.166,10.377,M4
10.117,10.384,M4
9.727,10.382,M4
8.799,10.391,M4
9.238,10.38,M4
8.75,10.38,M4
8.604,10.369,M4
7.969,10.366,M4
8.799,10.362,M4
8.896,10.36,M4
8.994,10.367,M4
8.848,10.373,M4
7.627,10.364,M4
8.555,10.356,M4
8.701,10.356,M4
8.799,10.36,M4
8.457,10.358,M4
8.896,10.356,M4
8.896,10.353,M4
9.043,10.345,M4
8.213,10.344,M4
8.945,10.327,M4
9.287,10.322,M4
9.629,10.318,M4
10.654,10.988,M5
9.189,10.999,M5
9.922,10.992,M5
10.313,10.994,M5
10.654,10.997,M5
10.752,10.984,M5
9.971,10.99,M5
10.752,10.979,M5
10.898,10.983,M5
10.85,10.979,M5
11.094,10.979,M5
11.094,10.981,M5
11.094,10.983,M5
10.557,10.975,M5
10.801,10.972,M5
9.873,10.964,M5
9.678,10.974,M5
9.092,10.955,M5
8.359,10.946,M5
8.164,10.931,M5
8.018,10.928,M5
8.066,10.891,M5
7.92,10.891,M5
7.676,10.906,M5
6.992,10.897,M5
6.797,10.922,M5
6.553,10.928,M5
6.553,10.926,M5
6.846,10.941,M5
7.383,10.931,M5
7.383,10.931,M5
7.48,10.928,M5
7.773,10.919,M5
8.164,10.911,M5
8.311,10.911,M5
8.799,10.911,M5
9.092,10.913,M5
9.287,10.908,M5
9.287,10.92,M5
9.141,10.913,M5
9.189,10.913,M5
9.824,10.913,M5
10.313,10.915,M5
10.557,10.904,M5
10.557,10.898,M5
10.703,10.891,M5
10.557,10.887,M5
10.361,10.886,M5
10.654,10.889,M5
11.24,10.895,M5
11.338,10.898,M5
11.436,10.898,M5
11.338,10.897,M5
11.387,10.898,M5
11.338,10.897,M5
11.094,10.898,M5
11.484,10.897,M5
11.631,10.898,M5
11.729,10.895,M5
11.777,10.897,M5
11.729,10.9,M5
11.826,10.9,M5
11.826,10.9,M5
11.875,10.9,M5
12.266,10.898,M5
12.168,10.898,M5
12.07,10.902,M5
12.021,10.904,M5
11.924,10.906,M5
12.07,10.902,M5
12.119,10.902,M5
12.168,10.9,M5
11.875,10.9,M5
11.973,10.891,M5
11.973,10.878,M5
11.582,10.867,M5
11.826,10.856,M5
11.777,10.856,M5
11.777,10.86,M5
11.826,10.875,M5
11.777,10.878,M5
11.729,10.889,M5
11.631,10.886,M5
11.582,10.884,M5
11.582,10.876,M5
11.484,10.867,M5
11.436,10.854,M5
11.387,10.842,M5
11.484,10.836,M5
11.387,10.834,M5
11.338,10.84,M5
11.338,10.845,M5
11.387,10.856,M5
11.24,10.858,M5
10.996,10.858,M5
11.631,10.858,M5
11.533,10.853,M5
11.533,10.845,M5
11.533,10.836,M5
11.68,10.816,M5
11.533,10.805,M5
11.582,10.803,M5
11.631,10.803,M5
11.68,10.812,M5
11.826,10.829,M5
11.777,10.836,M5
11.875,10.842,M5
11.582,10.84,M5
11.436,10.838,M5
10.264,10.831,M5
11.143,10.814,M5
9.824,10.787,M5
10.02,10.787,M5
10.166,10.781,M5
10.41,10.787,M5
10.459,10.801,M5
10.605,10.814,M5
10.605,10.796,M5
10.605,10.805,M5
10.654,10.801,M5
10.654,10.794,M5
10.752,10.79,M5
10.654,10.785,M5
10.703,10.787,M5
10.752,10.785,M5
10.898,10.787,M5
10.996,10.796,M5
10.947,10.805,M5
11.094,10.803,M5
11.045,10.805,M5
10.557,10.796,M5
11.729,10.792,M5
11.729,10.805,M5
11.924,10.807,M5
11.729,10.807,M5
10.898,10.796,M5
10.703,10.79,M5
10.801,10.79,M5
10.801,10.792,M5
10.996,10.801,M5
10.068,10.805,M5
9.58,10.807,M5
9.58,10.8,M5
9.775,10.796,M5
9.873,10.778,M5
9.678,10.765,M5
10.459,10.761,M5
10.654,10.757,M5
7.725,10.759,M5
9.385,10.761,M5
8.457,10.759,M5
8.115,10.631,M5
7.725,10.638,M5
8.066,10.629,M5
8.652,10.626,M5
8.994,10.622,M5
9.092,10.615,M5
8.994,10.615,M5
8.896,10.618,M5
9.336,10.624,M5
9.531,10.611,M5
9.531,10.602,M5
9.678,10.605,M5
9.824,10.605,M5
10.068,10.604,M5
10.215,10.607,M5
8.945,10.602,M5
9.092,10.593,M5
9.775,10.594,M5
11.24,10.594,M5
11.973,10.604,M5
12.021,10.611,M5
11.729,10.618,M5
11.875,10.629,M5
12.021,10.64,M5
12.266,10.644,M5
12.07,10.644,M5
12.07,10.648,M5
12.07,10.631,M5
11.973,10.631,M5
11.191,10.633,M5
10.898,10.631,M5
10.752,10.631,M5
10.508,10.633,M5
10.557,10.644,M5
10.605,10.649,M5
10.557,10.644,M5
10.166,10.644,M5
10.264,10.626,M5
9.775,10.615,M5
9.971,10.6,M5
9.775,10.573,M5
9.775,10.567,M5
10.361,10.576,M5
9.482,10.583,M5
9.873,10.598,M5
9.678,10.611,M5
10.459,10.618,M5
10.459,10.622,M5
10.898,10.62,M5
10.752,10.615,M5
10.996,10.604,M5
11.143,10.594,M5
10.752,10.556,M5
10.898,10.527,M5
10.654,10.518,M5
11.191,10.547,M5
11.484,10.571,M5
11.582,10.589,M5
11.777,10.6,M5
11.533,10.604,M5
11.533,10.587,M5
11.436,10.58,M5
11.436,10.562,M5
11.484,10.534,M5
11.387,10.543,M5
11.68,10.562,M5
11.436,10.565,M5
11.289,10.562,M5
10.947,10.558,M5
9.434,10.556,M5
9.775,10.549,M5
9.678,10.536,M5
10.02,10.508,M5
10.41,10.492,M5
10.117,10.475,M5
9.727,10.464,M5
9.775,10.455,M5
9.775,10.457,M5
9.482,10.452,M5
9.482,10.45,M5
9.434,10.439,M5
9.482,10.437,M5
9.531,10.424,M5
9.482,10.413,M5
9.482,10.402,M5
9.434,10.4,M5
9.336,10.397,M5
9.434,10.386,M5
9.531,10.386,M5
9.775,10.4,M5
10.02,10.4,M5
10.068,10.4,M5
9.678,10.389,M5
10.41,10.38,M5
10.41,10.371,M5
9.922,10.371,M5
10.41,10.371,M5
10.215,10.371,M5
10.605,10.377,M5
10.557,10.386,M5
10.557,10.397,M5
10.605,10.408,M5
11.143,10.413,M5
10.264,10.408,M5
10.117,10.395,M5
10.068,10.386,M5
9.629,10.373,M5
8.311,10.36,M5
8.359,10.349,M5
8.457,10.371,M5
8.213,10.364,M5
8.018,10.377,M5
8.164,10.38,M5
7.676,10.382,M5
7.285,10.362,M5
8.018,10.353,M5
7.041,10.345,M5
7.09,10.338,M5
6.992,10.327,M5
7.383,10.331,M5
7.334,10.334,M5
6.943,10.333,M5
8.018,10.338,M5
7.969,10.342,M5
7.725,10.327,M5
7.871,10.336,M5
8.115,10.325,M5
7.92,10.323,M5
7.871,10.314,M5
7.383,10.307,M5
7.041,10.298,M5
7.334,10.303,M5
8.066,10.307,M5
8.262,10.309,M5
8.311,10.318,M5
8.311,10.325,M5
8.311,10.331,M5
8.506,10.344,M5
8.457,10.345,M5
7.725,10.336,M5
6.797,10.307,M5
6.797,10.3,M5
7.236,10.267,M5
7.432,10.274,M5
7.432,10.278,M5
6.943,10.285,M5
6.455,10.323,M5
6.26,10.344,M5
6.504,10.351,M5
6.699,10.351,M5
6.211,10.36,M5
5.625,10.344,M5
4.795,10.331,M5
4.404,10.303,M5
4.453,10.291,M5
4.648,10.292,M5
4.6,10.296,M5
4.063,10.314,M5
4.014,10.331,M5
3.916,10.32,M5
4.063,10.336,M5
4.014,10.336,M5
4.404,10.307,M5
5.137,10.281,M5
5.381,10.28,M5
5.82,10.252,M5
5.918,10.25,M5
5.967,10.245,M5
5.869,10.272,M5
5.723,10.289,M5
5.43,10.287,M5
5.088,10.305,M5
4.941,10.302,M5
4.648,10.283,M5
4.697,10.261,M5
4.453,10.276,M5
4.453,10.258,M5
4.355,10.237,M5
4.502,10.241,M5
4.404,10.247,M5
4.16,10.223,M5
5.381,10.239,M5
5.479,10.25,M5
5.869,10.237,M5
5.771,10.236,M5
6.113,10.237,M5
5.82,10.221,M5
5.43,10.193,M5
5.332,10.161,M5
5.283,10.135,M5
4.941,10.133,M5
5.332,10.122,M5
4.941,10.142,M5
5.479,10.135,M5
5.771,10.146,M5
5.479,10.148,M5
6.064,10.148,M5
6.162,10.146,M5
6.26,10.135,M5
6.162,10.118,M5
6.504,10.095,M5
6.455,10.065,M5
6.26,10.043,M5
6.553,10.042,M5
6.748,10.04,M5
6.406,10.038,M5
6.748,10.042,M5
6.748,10.038,M5
6.113,10.025,M5
6.406,10.02,M5
6.113,9.996,M5
5.967,9.992,M5
6.162,9.977,M5
6.113,9.977,M5
6.016,9.987,M5
5.967,9.987,M5
5.918,9.976,M5
6.162,9.987,M5
6.309,9.998,M5
6.309,9.981,M5
6.309,9.977,M5
6.504,9.965,M5
6.553,9.974,M5
6.699,9.968,M5
6.406,9.954,M5
6.113,9.941,M5
6.309,9.937,M5
6.26,9.935,M5
6.553,9.935,M5
6.504,9.941,M5
6.553,9.946,M5
5.82,9.952,M5
6.016,9.941,M5
6.016,9.932,M5
5.869,9.911,M5
5.918,9.857,M5
5.869,9.884,M5
6.064,9.901,M5
6.357,9.875,M5
6.748,9.851,M5
7.041,9.844,M5
6.943,9.922,M5
7.188,9.919,M5
7.285,9.922,M5
7.578,9.919,M5
8.164,9.913,M5
7.92,9.906,M5
8.311,9.91,M5
8.555,9.895,M5
8.701,9.895,M5
8.896,9.897,M5
9.092,9.891,M5
9.189,9.89,M5
9.287,9.901,M5
9.727,9.915,M5
9.824,9.915,M5
9.434,9.91,M5
9.482,9.893,M5
9.482,9.901,M5
9.141,9.88,M5
9.189,9.879,M5
9.238,9.882,M5
9.336,9.877,M5
9.336,9.88,M5
9.336,9.89,M5
9.287,9.899,M5
9.287,9.91,M5
9.238,9.908,M5
9.189,9.901,M5
9.287,9.902,M5
9.287,9.901,M5
9.336,9.895,M5
9.434,9.902,M5
9.482,9.906,M5
9.531,9.917,M5
9.482,9.928,M5
9.482,9.908,M5
9.629,9.897,M5
9.531,9.899,M5
9.434,9.897,M5
9.336,9.893,M5
9.189,9.897,M5
9.189,9.901,M5
9.238,9.891,M5
8.799,9.89,M5
9.189,9.891,M5
9.58,9.893,M5
9.531,9.89,M5
9.531,9.901,M5
9.238,9.911,M5
9.287,9.922,M5
9.385,9.922,M5
9.531,9.915,M5
9.629,9.901,M5
9.629,9.895,M5
9.727,9.904,M5
9.873,9.899,M5
9.873,9.895,M5
9.873,9.899,M5
10.02,9.902,M5
10.02,9.899,M5
10.117,9.908,M5
10.215,9.93,M5
10.068,9.93,M5
10.068,9.928,M5
10.02,9.901,M5
9.971,9.901,M5
10.02,9.901,M5
9.971,9.901,M5
10.068,9.902,M5
9.971,9.904,M5
9.922,9.93,M5
9.873,9.954,M5
9.971,9.965,M5
9.531,9.963,M5
9.678,9.955,M5
9.775,9.939,M5
9.824,9.906,M5
9.727,9.906,M5
9.678,9.908,M5
9.58,9.904,M5
9.531,9.91,M5
9.336,9.941,M5
9.482,9.944,M5
9.385,10.009,M5
9.482,10.016,M5
9.482,10.009,M5
9.434,9.976,M5
9.434,9.97,M5
9.482,9.948,M5
9.336,9.919,M5
9.385,9.906,M5
9.482,9.901,M5
9.531,9.902,M5
9.629,9.91,M5
9.678,9.941,M5
9.629,9.941,M5
9.58,9.965,M5
9.678,9.974,M5
9.678,9.941,M5
9.678,9.928,M5
9.629,9.906,M5
9.482,9.901,M5
9.434,9.904,M5
9.531,9.917,M5
9.482,9.952,M5
9.727,9.974,M5
9.385,9.99,M5
9.434,9.996,M5
9.873,9.996,M5
9.727,9.985,M5
9.824,9.959,M5
9.531,9.922,M5
9.58,9.904,M5
9.434,9.897,M5
9.385,9.89,M5
8.848,9.886,M5
8.604,9.89,M5
8.359,9.904,M5
8.213,9.908,M5
8.018,9.93,M5
7.871,9.922,M5
7.285,9.913,M5
7.48,9.91,M5
7.578,9.88,M5
7.773,9.875,M5
8.066,9.871,M5
8.018,9.869,M5
7.92,9.868,M5
7.92,9.869,M5
7.969,9.902,M5
7.871,9.913,M5
7.871,9.922,M5
8.115,9.926,M5
8.164,9.926,M5
8.262,9.919,M5
8.262,9.886,M5
8.359,9.86,M5
8.213,9.851,M5
8.164,9.851,M5
8.164,9.846,M5
8.213,9.853,M5
8.018,9.86,M5
7.871,9.857,M5
7.773,9.855,M5
7.725,9.857,M5
7.627,9.835,M5
7.432,9.847,M5
7.09,9.836,M5
7.041,9.835,M5
6.846,9.824,M5
6.992,9.833,M5
6.846,9.829,M5
7.041,9.836,M5
7.09,9.858,M5
7.578,9.884,M5
7.529,9.877,M5
7.773,9.836,M5
7.822,9.836,M5
7.773,9.814,M5
7.773,9.807,M5
7.627,9.807,M5
7.48,9.829,M5
7.383,9.833,M5
7.139,9.831,M5
7.188,9.831,M5
7.285,9.838,M5
7.285,9.862,M5
7.09,9.827,M5
7.383,9.809,M5
7.48,9.809,M5
7.48,9.818,M5
7.627,9.805,M5
7.773,9.809,M5
8.164,9.851,M5
8.408,9.873,M5
8.506,9.857,M5
8.701,9.853,M5
8.848,9.855,M5
8.359,9.858,M5
8.652,9.873,M5
8.799,9.847,M5
8.896,9.824,M5
9.043,9.816,M5
8.896,9.811,M5
8.848,9.813,M5
9.336,9.825,M5
9.238,9.846,M5
9.141,9.851,M5
9.092,9.84,M5
9.043,9.838,M5
8.701,9.838,M5
8.604,9.844,M5
8.457,9.831,M5
7.529,9.809,M5
7.92,9.791,M5
6.26,9.791,M5
6.797,9.791,M5
7.773,9.805,M5
8.262,9.827,M5
8.555,9.84,M5
8.701,9.798,M5
8.652,9.803,M5
8.555,9.802,M5
8.652,9.792,M5
8.994,9.796,M5
9.336,9.791,M5
9.531,9.785,M5
9.727,9.778,M5
9.727,9.756,M5
9.971,9.747,M5
10.313,9.752,M5
10.313,9.767,M5
10.264,9.787,M5
10.41,9.802,M5
10.361,9.825,M5
10.068,9.803,M5
9.922,9.807,M5
9.727,9.798,M5
9.58,9.778,M5
9.873,9.776,M5
9.824,9.741,M5
9.678,9.727,M5
9.385,9.723,M5
9.482,9.716,M5
9.58,9.712,M5
9.678,9.717,M5
9.629,9.725,M5
9.482,9.723,M5
9.531,9.727,M5
9.531,9.714,M5
9.531,9.692,M5
9.434,9.686,M5
9.482,9.672,M5
7.334,11.572,M6
5.381,11.583,M6
6.602,11.602,M6
7.236,11.596,M6
7.725,11.583,M6
7.529,11.6,M6
7.676,11.607,M6
7.822,11.607,M6
7.773,11.633,M6
7.969,11.642,M6
7.969,11.624,M6
8.018,11.605,M6
8.018,11.616,M6
8.164,11.603,M6
7.969,11.594,M6
7.236,11.58,M6
6.992,11.646,M6
6.309,11.66,M6
6.797,11.673,M6
7.09,11.667,M6
7.236,11.656,M6
7.432,11.642,M6
7.09,11.644,M6
6.65,11.638,M6
6.748,11.624,M6
7.871,11.6,M6
7.432,11.514,M6
8.457,11.525,M6
8.408,11.495,M6
9.336,11.488,M6
9.141,11.472,M6
9.971,11.461,M6
10.264,11.439,M6
10.508,11.439,M6
10.654,11.413,M6
10.801,11.417,M6
10.557,11.497,M6
10.361,11.536,M6
10.508,11.53,M6
10.02,11.572,M6
10.41,11.653,M6
11.191,11.786,M6
9.678,11.821,M6
10.557,11.821,M6
10.264,11.83,M6
10.508,11.812,M6
10.508,11.801,M6
10.313,11.807,M6
9.141,11.759,M6
8.896,11.706,M6
9.336,11.754,M6
9.531,11.851,M6
9.58,11.858,M6
9.727,11.845,M6
10.02,11.841,M6
10.215,11.819,M6
10.264,11.77,M6
10.264,11.777,M6
10.703,11.783,M6
11.338,11.761,M6
12.07,11.754,M6
12.412,11.44,M6
12.656,11.299,M6
12.461,11.364,M6
12.217,11.547,M6
12.168,11.592,M6
12.07,11.616,M6
11.924,11.6,M6
11.777,11.624,M6
11.582,11.658,M6
11.631,11.671,M6
11.582,11.607,M6
11.68,11.519,M6
11.68,11.517,M6
11.436,11.53,M6
11.729,11.543,M6
11.631,11.541,M6
11.191,11.521,M6
11.338,11.42,M6
11.289,11.23,M6
10.996,11.232,M6
10.752,11.228,M6
10.752,11.232,M6
10.801,11.245,M6
10.557,11.265,M6
10.41,11.332,M6
10.313,11.519,M6
10.557,11.563,M6
10.41,11.66,M6
10.508,11.717,M6
10.41,11.73,M6
10.508,11.761,M6
9.434,11.768,M6
10.264,11.785,M6
11.973,11.68,M6
11.826,11.378,M6
12.168,11.406,M6
12.412,11.68,M6
12.852,11.781,M6
11.924,11.746,M6
11.387,11.724,M6
8.555,11.732,M6
8.75,11.739,M6
9.678,11.765,M6
9.287,11.754,M6
10.117,11.75,M6
9.629,11.733,M6
9.434,11.62,M6
9.531,11.499,M6
9.824,11.492,M6
8.408,11.532,M6
9.092,11.559,M6
9.434,11.569,M6
9.531,11.6,M6
9.238,11.673,M6
9.287,11.699,M6
9.336,11.739,M6
9.531,11.744,M6
9.482,11.704,M6
9.727,11.684,M6
10.117,11.669,M6
10.557,11.638,M6
10.947,11.616,M6
10.605,11.603,M6
10.215,11.589,M6
10.752,11.581,M6
11.826,11.565,M6
11.777,11.552,M6
9.482,11.545,M6
9.385,11.537,M6
8.311,11.477,M6
7.92,11.422,M6
8.018,11.343,M6
7.285,11.32,M6
8.018,11.356,M6
7.432,11.364,M6
6.016,11.362,M6
6.895,11.349,M6
7.676,11.331,M6
8.408,11.21,M6
8.311,11.34,M6
8.066,11.499,M6
7.773,11.417,M6
7.578,11.429,M6
8.311,11.32,M6
8.262,11.325,M6
9.775,11.462,M6
9.531,11.541,M6
8.945,11.576,M6
8.799,11.589,M6
10.02,11.64,M6
8.848,11.497,M6
9.092,11.516,M6
8.945,11.526,M6
8.848,11.543,M6
8.994,11.565,M6
9.141,11.581,M6
9.336,11.596,M6
9.629,11.605,M6
8.018,11.607,M6
8.213,11.554,M6
8.75,11.558,M6
9.58,11.57,M6
10.898,11.594,M6
12.119,11.611,M6
12.217,11.622,M6
12.217,11.625,M6
11.68,11.552,M6
11.533,11.523,M6
11.582,11.592,M6
10.166,11.62,M6
10.313,11.611,M6
10.801,11.521,M6
9.971,11.501,M6
9.922,11.473,M6
10.313,11.375,M6
10.41,11.389,M6
8.311,11.373,M6
9.092,11.27,M6
8.945,11.257,M6
9.531,11.266,M6
9.141,11.27,M6
9.58,11.406,M6
9.092,11.395,M6
9.727,11.411,M6
8.945,11.365,M6
9.189,11.305,M6
9.482,11.201,M6
9.482,11.164,M6
7.432,11.155,M6
8.75,11.155,M6
8.896,11.171,M6
7.627,11.155,M6
8.604,11.177,M6
8.262,11.175,M6
8.848,11.219,M6
9.385,11.212,M6
9.092,11.221,M6
9.482,11.206,M6
9.434,11.31,M6
9.629,11.34,M6
11.143,11.453,M6
12.217,11.481,M6
12.461,11.464,M6
12.51,11.367,M6
12.217,11.373,M6
12.314,11.29,M6
12.168,11.245,M6
12.168,11.235,M6
12.266,11.298,M6
12.07,11.334,M6
10.117,11.254,M6
9.238,11.246,M6
8.945,11.232,M6
8.359,11.149,M6
8.652,11.136,M6
7.969,11.14,M6
8.408,11.158,M6
8.945,11.169,M6
9.336,11.191,M6
8.701,11.18,M6
9.189,11.157,M6
8.896,11.19,M6
8.896,11.239,M6
8.457,11.25,M6
8.457,11.325,M6
8.896,11.418,M6
9.385,11.45,M6
8.555,11.484,M6
9.092,11.516,M6
8.555,11.517,M6
9.531,11.417,M6
9.434,11.428,M6
9.287,11.204,M6
8.994,11.171,M6
8.896,11.16,M6
9.385,11.153,M6
8.994,11.204,M6
8.164,11.451,M6
8.555,11.453,M6
8.604,11.481,M6
9.58,11.457,M6
9.727,11.42,M6
9.873,11.202,M6
10.02,11.303,M6
8.994,11.367,M6
8.457,11.364,M6
7.139,11.353,M6
7.871,11.32,M6
7.432,11.18,M6
7.48,11.169,M6
7.041,11.166,M6
7.285,11.184,M6
7.041,11.169,M6
7.285,11.153,M6
7.773,11.162,M6
6.943,11.14,M6
6.309,11.129,M6
7.139,11.135,M6
7.334,11.136,M6
6.26,11.124,M6
7.041,11.125,M6
5.967,11.142,M6
7.529,11.158,M6
7.334,11.164,M6
6.455,11.186,M6
7.92,11.25,M6
7.773,11.292,M6
6.602,11.332,M6
7.578,11.332,M6
7.871,11.303,M6
7.773,11.206,M6
8.262,11.219,M6
8.506,11.215,M6
7.969,11.279,M6
8.408,11.301,M6
7.383,11.316,M6
7.285,11.321,M6
8.506,11.331,M6
7.578,11.323,M6
7.383,11.309,M6
7.432,11.362,M6
6.797,11.38,M6
6.455,11.378,M6
6.748,11.356,M6
6.65,11.255,M6
7.48,11.131,M6
7.773,11.135,M6
7.285,11.144,M6
7.627,11.149,M6
7.529,11.153,M6
7.188,11.149,M6
7.578,11.146,M6
6.846,11.135,M6
7.236,11.129,M6
7.627,11.116,M6
7.871,11.12,M6
7.725,11.124,M6
7.285,11.129,M6
6.357,11.078,M6
7.871,11.023,M6
7.92,11.118,M6
7.871,11.164,M6
7.822,11.166,M6
7.676,11.307,M6
7.334,11.321,M6
7.188,11.327,M6
7.139,11.343,M6
6.357,11.34,M6
6.895,11.316,M6
6.553,11.332,M6
6.748,11.34,M6
6.943,11.235,M6
6.699,11.272,M6
7.871,11.351,M6
6.504,11.292,M6
7.236,11.292,M6
7.285,11.232,M6
5.283,11.1,M6
7.432,11.049,M6
6.113,11.133,M6
6.113,11.146,M6
6.309,11.195,M6
5.43,11.241,M6
4.502,11.257,M6
5.43,11.219,M6
6.504,11.184,M6
6.357,11.179,M6
6.748,11.219,M6
6.748,11.248,M6
7.139,11.305,M6
6.748,11.382,M6
6.504,11.162,M6
6.455,11.199,M6
7.432,11.193,M6
6.064,11.186,M6
5.771,11.193,M6
7.236,11.186,M6
6.357,11.158,M6
6.455,11.16,M6
7.432,11.127,M6
7.188,11.177,M6
6.992,11.18,M6
7.432,11.175,M6
7.822,11.175,M6
7.432,11.184,M6
6.992,11.168,M6
7.676,11.162,M6
6.895,11.12,M6
6.748,11.06,M6
6.504,11.06,M6
7.578,10.97,M6
7.188,10.97,M6
6.699,10.97,M6
7.09,10.952,M6
7.236,10.942,M6
7.92,10.935,M6
7.432,10.93,M6
6.162,10.902,M6
5.723,10.889,M6
5.869,10.882,M6
6.064,11.061,M6
6.357,11.096,M6
6.895,11.279,M6
6.797,11.296,M6
7.334,11.32,M6
7.578,11.325,M6
7.236,11.235,M6
7.432,11.058,M6
7.285,11.093,M6
7.188,11.069,M6
7.578,11.08,M6
7.822,11.03,M6
7.969,11.038,M6
8.262,11.039,M6
8.262,11.179,M6
8.213,11.19,M6
8.359,11.122,M6
8.75,10.92,M6
8.555,10.931,M6
8.701,10.931,M6
8.652,10.963,M6
9.385,10.953,M6
9.824,10.961,M6
10.605,10.966,M6
10.752,10.966,M6
10.996,10.953,M6
11.24,11.102,M6
11.24,11.093,M6
10.947,11.098,M6
10.801,11.036,M6
10.166,10.972,M6
10.459,10.984,M6
10.068,10.983,M6
10.215,10.983,M6
10.166,11.061,M6
10.215,11.074,M6
10.752,11.082,M6
10.947,11.111,M6
11.094,11.12,M6
11.436,11.155,M6
11.436,11.177,M6
11.289,11.182,M6
11.338,11.193,M6
11.533,11.21,M6
11.729,11.246,M6
11.582,11.235,M6
11.24,11.226,M6
11.094,11.219,M6
11.094,11.224,M6
11.436,11.224,M6
11.24,11.21,M6
11.582,11.1,M6
11.68,11.171,M6
11.436,11.331,M6
11.582,11.329,M6
11.582,11.345,M6
11.729,11.345,M6
12.021,11.343,M6
11.973,11.343,M6
11.924,11.349,M6
11.729,11.351,M6
11.387,11.354,M6
11.68,11.331,M6
11.729,11.334,M6
11.777,11.321,M6
11.826,11.285,M6
11.68,11.298,M6
11.68,11.347,M6
11.68,11.347,M6
11.582,11.345,M6
11.338,11.342,M6
11.24,11.338,M6
11.387,11.331,M6
11.289,11.274,M6
11.289,11.261,M6
11.191,11.246,M6
11.143,11.243,M6
11.143,11.224,M6
11.143,11.241,M6
11.191,11.248,M6
11.24,11.27,M6
11.24,11.299,M6
11.289,11.336,M6
11.289,11.351,M6
11.387,11.354,M6
11.289,11.354,M6
11.289,11.354,M6
11.338,11.356,M6
11.24,11.351,M6
11.191,11.351,M6
11.191,11.353,M6
11.24,11.353,M6
11.387,11.373,M6
11.631,11.382,M6
11.533,11.384,M6
11.484,11.378,M6
11.533,11.376,M6
11.484,11.371,M6
11.533,11.367,M6
11.631,11.375,M6
11.68,11.373,M6
11.631,11.371,M6
11.631,11.369,M6
11.631,11.369,M6
11.631,11.371,M6
11.582,11.375,M6
11.533,11.38,M6
11.484,11.384,M6
11.484,11.384,M6
11.387,11.382,M6
11.436,11.385,M6
10.947,11.373,M6
10.85,11.367,M6
11.289,11.358,M6
11.191,11.358,M6
11.582,11.364,M6
11.582,11.367,M6
11.631,11.371,M6
11.68,11.375,M6
11.68,11.369,M6
11.777,11.373,M6
11.826,11.375,M6
11.631,11.375,M6
11.631,11.371,M6
11.777,11.367,M6
11.777,11.369,M6
11.631,11.369,M6
11.484,11.369,M6
11.436,11.369,M6
11.191,11.378,M6
10.557,11.378,M6
9.824,11.375,M6
9.141,11.369,M6
9.873,11.354,M6
9.727,11.354,M6
9.775,11.354,M6
9.678,11.347,M6
9.58,11.342,M6
9.58,11.353,M6
9.727,11.362,M6
10.02,11.375,M6
10.068,11.378,M6
10.166,11.38,M6
10.117,11.371,M6
10.166,11.362,M6
10.117,11.364,M6
10.264,11.364,M6
10.215,11.364,M6
10.117,11.36,M6
10.02,11.358,M6
9.922,11.362,M6
10.02,11.36,M6
9.922,11.362,M6
9.824,11.365,M6
9.824,11.351,M6
9.824,11.349,M6
9.873,11.356,M6
9.727,11.358,M6
9.824,11.364,M6
9.678,11.356,M6
9.678,11.365,M6
9.775,11.365,M6
9.873,11.367,M6
10.068,11.371,M6
9.873,11.369,M6
9.873,11.367,M6
9.971,11.362,M6
9.775,11.353,M6
9.824,11.279,M6
9.922,11.263,M6
9.629,11.248,M6
9.238,11.248,M6
9.482,11.272,M6
9.873,11.312,M6
10.361,11.31,M6
10.02,11.323,M6
10.313,11.325,M6
9.922,11.321,M6
9.971,11.323,M6
10.02,11.327,M6
10.117,11.338,M6
10.41,11.332,M6
10.752,11.334,M6
10.654,11.338,M6
10.947,11.343,M6
11.045,11.347,M6
10.801,11.356,M6
10.898,11.358,M6
10.947,11.356,M6
10.215,11.353,M6
9.482,11.343,M6
8.506,11.321,M6
8.799,11.312,M6
9.092,11.314,M6
9.141,11.305,M6
9.043,11.301,M6
9.141,11.307,M6
8.994,11.31,M6
9.189,11.31,M6
9.043,11.29,M6
8.799,11.294,M6
8.408,11.305,M6
8.311,11.303,M6
8.604,11.263,M6
8.652,11.296,M6
8.701,11.32,M6
8.799,11.349,M6
8.994,11.356,M6
8.604,11.373,M6
8.848,11.382,M6
9.385,11.385,M6
9.58,11.376,M6
9.824,11.382,M6
9.922,11.376,M6
10.02,11.376,M6
10.166,11.375,M6
10.264,11.376,M6
10.068,11.36,M6
10.654,11.362,M6
11.094,11.367,M6
11.387,11.356,M6
11.436,11.358,M6
11.68,11.354,M6
12.021,11.354,M6
12.021,11.353,M6
11.924,11.36,M6
11.973,11.367,M6
11.875,11.369,M6
11.68,11.373,M6
11.436,11.375,M6
11.582,11.376,M6
10.313,11.376,M6
10.703,11.353,M6
11.289,11.277,M6
11.387,11.296,M6
10.996,11.305,M6
11.143,11.309,M6
10.947,11.301,M6
10.459,11.285,M6
10.068,11.266,M6
10.117,11.263,M6
10.508,11.272,M6
10.41,11.281,M6
9.775,11.298,M6
9.482,11.299,M6
9.238,11.287,M6
9.092,11.285,M6
8.457,11.285,M6
8.701,11.285,M6
8.75,11.29,M6
8.701,11.279,M6
8.896,11.277,M6
8.652,11.254,M6
8.848,11.235,M6
9.043,11.255,M6
9.189,11.228,M6
9.336,11.197,M6
9.434,11.193,M6
9.385,11.195,M6
9.727,11.221,M6
9.678,11.224,M6
9.971,11.23,M6
10.117,11.235,M6
10.264,11.241,M6
10.313,11.245,M6
10.117,11.25,M6
