"air_temperature","sea_temperature","station","year","month","day"
10.635130434782607,11.325739130434783,M3,2022,2,1
10.707347826086954,10.697217391304347,M4,2022,2,1
10.112913043478262,9.931739130434783,M5,2022,2,1
7.454166666666667,8.564541666666665,M2,2022,3,1
8.434666666666667,11.011833333333335,M3,2022,3,1
8.273874999999999,10.200541666666668,M4,2022,3,1
8.249625000000002,9.406,M5,2022,3,1
5.8780909090909095,9.062636363636363,M2,2022,4,1
8.004227272727272,11.244318181818183,M3,2022,4,1
7.496136363636362,10.301590909090907,M4,2022,4,1
6.606,9.93081818181818,M5,2022,4,1
9.989041666666667,9.808375,M2,2022,5,1
12.281833333333333,12.601,M3,2022,5,1
10.424458333333332,10.844124999999998,M4,2022,5,1
11.166916666666664,11.734708333333336,M5,2022,5,1
12.277791666666666,12.493041666666665,M6,2022,5,1
11.284999999999998,11.245999999999997,M2,2022,6,1
13.293041666666667,14.433958333333335,M3,2022,6,1
12.025708333333336,12.568666666666667,M4,2022,6,1
12.33679166666667,14.064083333333334,M5,2022,6,1
12.338875000000002,13.309125,M6,2022,6,1
12.968391304347827,12.493347826086955,M2,2022,7,1
14.027541666666666,14.277208333333329,M3,2022,7,1
12.788499999999999,13.556708333333338,M4,2022,7,1
14.599208333333332,15.234833333333333,M5,2022,7,1
12.558625000000001,13.176999999999998,M6,2022,7,1
15.235608695652175,15.29165217391304,M2,2022,8,1
16.999782608695647,16.478434782608698,M3,2022,8,1
15.222956521739132,15.17186956521739,M4,2022,8,1
17.307739130434776,16.813521739130437,M5,2022,8,1
16.09339130434783,15.331391304347823,M6,2022,8,1
15.47973913043478,14.499043478260864,M2,2022,9,1
16.951083333333333,16.660833333333333,M3,2022,9,1
15.675416666666669,16.195000000000004,M4,2022,9,1
16.833,17.238708333333328,M5,2022,9,1
16.157583333333335,16.382166666666667,M6,2022,9,1
14.496181818181817,14.823863636363637,M2,2022,10,1
15.554863636363637,15.678227272727272,M3,2022,10,1
13.52631818181818,13.911454545454546,M4,2022,10,1
15.410545454545458,15.318727272727271,M5,2022,10,1
14.311909090909092,15.184045454545451,M6,2022,10,1
12.434318181818183,14.933681818181817,M2,2022,11,1
12.141363636363637,14.285272727272728,M3,2022,11,1
11.779636363636365,13.249772727272726,M4,2022,11,1
12.840545454545456,14.290454545454544,M5,2022,11,1
11.610954545454547,14.38213636363637,M6,2022,11,1
11.718333333333332,13.532291666666666,M2,2022,12,1
12.027666666666669,12.600541666666665,M3,2022,12,1
11.883083333333332,11.638125,M4,2022,12,1
11.437624999999999,12.741624999999999,M5,2022,12,1
12.436541666666669,12.365125,M6,2022,12,1
10.861916666666668,11.295749999999998,M3,2022,2,2
10.705083333333333,10.700041666666666,M4,2022,2,2
9.962666666666667,9.944249999999997,M5,2022,2,2
8.160041666666666,8.611333333333334,M2,2022,3,2
9.899499999999998,11.034458333333333,M3,2022,3,2
8.265791666666667,10.123666666666667,M4,2022,3,2
9.309583333333334,9.412999999999998,M5,2022,3,2
6.811083333333333,9.047041666666667,M2,2022,4,2
9.230083333333333,11.164416666666668,M3,2022,4,2
8.255541666666668,10.248291666666669,M4,2022,4,2
7.2669999999999995,9.930333333333335,M5,2022,4,2
9.815999999999999,9.92925,M2,2022,5,2
11.773208333333331,12.676916666666664,M3,2022,5,2
10.67054166666667,10.971416666666665,M4,2022,5,2
11.791666666666666,11.996666666666664,M5,2022,5,2
11.655291666666669,12.524500000000003,M6,2022,5,2
11.4,11.769136363636365,M2,2022,6,2
13.488636363636363,14.726318181818181,M3,2022,6,2
12.123681818181819,12.869,M4,2022,6,2
13.348727272727272,14.556181818181818,M5,2022,6,2
12.361045454545454,13.328454545454546,M6,2022,6,2
13.16795652173913,12.527565217391304,M2,2022,7,2
13.702,14.211583333333335,M3,2022,7,2
12.89625,13.738166666666666,M4,2022,7,2
14.507583333333331,15.093124999999999,M5,2022,7,2
12.906458333333335,13.196916666666667,M6,2022,7,2
16.2134,14.716299999999999,M2,2022,8,2
17.04842857142857,16.42571428571429,M3,2022,8,2
15.302190476190479,14.822857142857139,M4,2022,8,2
17.773999999999997,16.47704761904762,M5,2022,8,2
15.737047619047619,15.23352380952381,M6,2022,8,2
15.45430434782609,14.51513043478261,M2,2022,9,2
16.07630434782609,16.767434782608692,M3,2022,9,2
13.661291666666665,15.912583333333332,M4,2022,9,2
17.036499999999997,18.06120833333333,M5,2022,9,2
13.506708333333334,16.143083333333333,M6,2022,9,2
14.105590909090909,14.835409090909087,M2,2022,10,2
15.208590909090912,15.80463636363636,M3,2022,10,2
13.646136363636368,13.775772727272726,M4,2022,10,2
14.94681818181818,15.627090909090906,M5,2022,10,2
14.600545454545452,15.067999999999996,M6,2022,10,2
13.14461111111111,14.881333333333336,M2,2022,11,2
13.700666666666667,14.07238888888889,M3,2022,11,2
11.693277777777777,13.272499999999999,M4,2022,11,2
13.651777777777777,14.190722222222222,M5,2022,11,2
11.19127777777778,14.196166666666667,M6,2022,11,2
10.989454545454544,13.525227272727273,M2,2022,12,2
11.659681818181816,12.39486363636364,M3,2022,12,2
11.104772727272728,11.760818181818182,M4,2022,12,2
10.776363636363639,12.716999999999997,M5,2022,12,2
11.411136363636365,12.36677272727273,M6,2022,12,2
9.165,11.116624999999999,M3,2022,1,3
7.102125,10.884875,M4,2022,1,3
9.885375,10.87425,M5,2022,1,3
7.932250000000002,11.827125,M6,2022,1,3
11.008300000000002,11.368300000000001,M3,2022,2,3
9.309000000000001,10.6804,M4,2022,2,3
10.119749999999998,9.97965,M5,2022,2,3
8.011173913043477,8.681304347826087,M2,2022,3,3
8.790434782608695,11.010086956521738,M3,2022,3,3
7.771304347826088,10.117391304347828,M4,2022,3,3
8.618391304347824,9.432565217391305,M5,2022,3,3
7.750999999999999,9.068708333333333,M2,2022,4,3
9.525125000000001,11.293625,M3,2022,4,3
9.101999999999999,10.185166666666666,M4,2022,4,3
8.288124999999999,10.039916666666667,M5,2022,4,3
9.818125,10.031041666666667,M2,2022,5,3
12.383458333333332,12.915749999999996,M3,2022,5,3
10.84345833333333,11.0535,M4,2022,5,3
12.259458333333335,12.179375000000002,M5,2022,5,3
12.117083333333332,12.550916666666666,M6,2022,5,3
11.974791666666667,11.368833333333333,M2,2022,6,3
13.425333333333334,14.697375000000003,M3,2022,6,3
12.906458333333335,13.028083333333333,M4,2022,6,3
13.13429166666667,14.871874999999998,M5,2022,6,3
12.66025,13.40341666666667,M6,2022,6,3
13.453809523809522,12.629952380952378,M2,2022,7,3
13.667666666666666,14.338190476190475,M3,2022,7,3
12.618500000000001,13.511863636363636,M4,2022,7,3
14.431818181818185,15.087090909090909,M5,2022,7,3
12.780500000000002,13.308863636363634,M6,2022,7,3
16.11422727272727,15.500863636363636,M2,2022,8,3
16.109238095238094,16.466904761904765,M3,2022,8,3
13.881666666666666,14.691761904761904,M4,2022,8,3
17.123954545454545,16.644954545454546,M5,2022,8,3
14.387363636363633,15.168909090909091,M6,2022,8,3
15.108260869565218,14.491043478260869,M2,2022,9,3
14.63575,17.123208333333327,M3,2022,9,3
13.47616666666667,15.858583333333334,M4,2022,9,3
14.869875,17.19804166666667,M5,2022,9,3
12.381583333333333,15.920333333333334,M6,2022,9,3
14.993272727272728,14.848636363636365,M2,2022,10,3
16.24731818181818,15.736772727272724,M3,2022,10,3
14.340909090909093,13.8005,M4,2022,10,3
15.299499999999995,15.640045454545456,M5,2022,10,3
16.109772727272727,15.107409090909094,M6,2022,10,3
11.61135,14.829750000000004,M2,2022,11,3
12.097150000000003,13.81035,M3,2022,11,3
10.080550000000002,13.567849999999996,M4,2022,11,3
11.877499999999998,14.09275,M5,2022,11,3
11.3403,14.054150000000002,M6,2022,11,3
8.928260869565218,13.481434782608693,M2,2022,12,3
9.879478260869567,12.398521739130432,M3,2022,12,3
10.503565217391303,11.757434782608698,M4,2022,12,3
8.998347826086954,12.66073913043478,M5,2022,12,3
10.756130434782607,12.361173913043478,M6,2022,12,3
7.718416666666667,11.134666666666666,M3,2022,1,4
7.372624999999998,10.776166666666667,M4,2022,1,4
6.2495416666666666,10.8175,M5,2022,1,4
8.575125000000002,11.707875,M6,2022,1,4
8.858923076923077,11.368000000000002,M3,2022,2,4
7.420384615384616,10.640923076923077,M4,2022,2,4
7.792076923076923,9.931307692307692,M5,2022,2,4
7.0674166666666665,8.692333333333334,M2,2022,3,4
7.7185,11.018166666666666,M3,2022,3,4
6.892583333333332,10.133416666666667,M4,2022,3,4
6.973916666666668,9.399416666666667,M5,2022,3,4
10.424333333333333,9.111666666666666,M2,2022,4,4
11.152791666666666,11.185291666666666,M3,2022,4,4
10.650125000000001,10.223541666666668,M4,2022,4,4
10.481333333333332,9.954374999999999,M5,2022,4,4
11.315900000000001,10.10265,M2,2022,5,4
12.219,12.939045454545454,M3,2022,5,4
10.47355,10.929700000000002,M4,2022,5,4
12.404700000000002,12.216249999999999,M5,2022,5,4
12.404800000000002,12.543049999999997,M6,2022,5,4
11.85378260869565,10.735478260869565,M2,2022,6,4
13.271956521739133,14.499130434782609,M3,2022,6,4
13.206086956521743,13.276391304347825,M4,2022,6,4
13.212434782608696,14.04965217391304,M5,2022,6,4
13.25278260869565,13.758869565217392,M6,2022,6,4
13.500333333333334,12.984285714285715,M2,2022,7,4
13.841500000000002,14.434,M3,2022,7,4
12.416545454545457,13.166363636363638,M4,2022,7,4
14.724727272727277,15.193318181818183,M5,2022,7,4
13.33318181818182,13.333727272727272,M6,2022,7,4
14.42488888888889,15.607777777777777,M2,2022,8,4
15.318578947368424,16.449052631578947,M3,2022,8,4
13.52478947368421,14.646894736842105,M4,2022,8,4
15.573,16.689947368421052,M5,2022,8,4
14.396052631578948,15.181842105263158,M6,2022,8,4
15.834950000000001,14.707250000000002,M2,2022,9,4
15.765000000000002,16.907666666666664,M3,2022,9,4
15.211714285714285,15.656380952380955,M4,2022,9,4
16.385857142857144,16.375666666666664,M5,2022,9,4
14.000238095238094,15.556999999999997,M6,2022,9,4
15.439545454545458,14.668409090909092,M2,2022,10,4
15.930000000000001,15.802590909090908,M3,2022,10,4
13.366454545454543,13.853772727272725,M4,2022,10,4
15.925590909090909,15.348181818181816,M5,2022,10,4
13.806,15.083727272727277,M6,2022,10,4
11.504,14.747866666666669,M2,2022,11,4
12.923266666666668,13.7156,M3,2022,11,4
11.669933333333331,13.5794,M4,2022,11,4
11.806666666666667,13.971133333333336,M5,2022,11,4
13.072866666666666,13.836133333333331,M6,2022,11,4
8.703428571428573,13.395047619047622,M2,2022,12,4
8.717428571428572,12.342047619047621,M3,2022,12,4
8.594636363636367,11.889136363636366,M4,2022,12,4
8.261772727272726,12.567181818181819,M5,2022,12,4
9.664545454545456,12.304636363636364,M6,2022,12,4
9.07695652173913,11.185260869565218,M3,2022,1,5
7.699173913043476,10.67726086956522,M4,2022,1,5
6.8902608695652185,10.728391304347827,M5,2022,1,5
9.588478260869564,11.882695652173913,M6,2022,1,5
11.055208333333333,11.328291666666665,M3,2022,2,5
9.146708333333331,10.606041666666668,M4,2022,2,5
9.978875,9.885416666666666,M5,2022,2,5
7.079666666666665,8.682833333333333,M2,2022,3,5
8.176291666666666,10.968000000000002,M3,2022,3,5
7.856750000000001,10.117083333333333,M4,2022,3,5
7.234374999999999,9.370291666666667,M5,2022,3,5
10.066458333333333,9.108041666666667,M2,2022,4,5
11.254583333333331,11.18891666666667,M3,2022,4,5
10.361374999999999,10.292458333333332,M4,2022,4,5
10.345083333333331,9.974583333333335,M5,2022,4,5
10.841333333333333,10.428166666666668,M2,2022,5,5
13.037909090909091,13.129363636363637,M3,2022,5,5
11.920285714285717,11.06657142857143,M4,2022,5,5
12.408571428571431,12.396357142857143,M5,2022,5,5
13.120187500000002,12.59725,M6,2022,5,5
11.184999999999997,10.877521739130435,M2,2022,6,5
13.403652173913041,14.249347826086957,M3,2022,6,5
13.333521739130434,13.457347826086954,M4,2022,6,5
12.802782608695654,13.827391304347822,M5,2022,6,5
13.547869565217391,13.980304347826088,M6,2022,6,5
14.025521739130435,13.295565217391305,M2,2022,7,5
14.462916666666665,14.486125,M3,2022,7,5
13.24629166666667,13.200416666666667,M4,2022,7,5
15.805666666666667,15.519041666666668,M5,2022,7,5
13.789500000000004,13.455000000000004,M6,2022,7,5
14.550700000000003,15.330499999999997,M2,2022,8,5
15.595190476190483,16.413190476190476,M3,2022,8,5
13.872238095238096,14.704238095238095,M4,2022,8,5
15.704428571428569,16.580904761904762,M5,2022,8,5
14.85104761904762,15.359619047619049,M6,2022,8,5
16.436000000000003,15.00340909090909,M2,2022,9,5
16.642409090909094,16.43418181818182,M3,2022,9,5
16.091954545454545,15.540590909090911,M4,2022,9,5
17.357090909090907,16.65340909090909,M5,2022,9,5
15.17981818181818,15.45418181818182,M6,2022,9,5
13.312260869565216,14.565304347826089,M2,2022,10,5
14.282478260869565,15.746652173913047,M3,2022,10,5
12.53317391304348,13.80626086956522,M4,2022,10,5
14.40982608695652,15.299695652173911,M5,2022,10,5
13.257043478260867,14.963086956521739,M6,2022,10,5
9.119055555555557,13.311611111111112,M2,2022,12,5
9.50535294117647,12.181647058823529,M3,2022,12,5
8.974,11.748235294117649,M4,2022,12,5
8.974058823529411,12.469823529411766,M5,2022,12,5
10.214823529411763,12.241176470588233,M6,2022,12,5
9.59713043478261,11.128913043478262,M3,2022,1,6
7.425541666666668,10.704750000000002,M4,2022,1,6
9.030833333333334,10.657166666666667,M5,2022,1,6
6.709333333333333,12.016083333333334,M6,2022,1,6
11.567833333333333,11.308750000000002,M3,2022,2,6
8.043958333333334,10.561125,M4,2022,2,6
10.16,9.856833333333336,M5,2022,2,6
7.066478260869565,8.667695652173915,M2,2022,3,6
8.085565217391302,10.976217391304347,M3,2022,3,6
7.81808695652174,10.087608695652174,M4,2022,3,6
7.429608695652175,9.36178260869565,M5,2022,3,6
9.163124999999999,9.113583333333333,M2,2022,4,6
10.735583333333333,11.22145833333333,M3,2022,4,6
8.501791666666666,10.391916666666669,M4,2022,4,6
9.96054166666667,9.9615,M5,2022,4,6
11.219285714285714,10.692666666666668,M2,2022,5,6
13.442736842105264,13.19863157894737,M3,2022,5,6
11.6858125,11.519687500000002,M4,2022,5,6
12.84647368421053,12.467368421052633,M5,2022,5,6
13.067368421052631,12.853263157894736,M6,2022,5,6
11.675434782608693,11.241434782608696,M2,2022,6,6
14.397043478260867,14.654956521739129,M3,2022,6,6
13.711391304347828,13.878347826086951,M4,2022,6,6
13.274173913043478,14.153652173913041,M5,2022,6,6
14.09773913043478,14.25404347826087,M6,2022,6,6
15.113999999999999,13.349708333333334,M2,2022,7,6
14.342916666666666,14.631583333333333,M3,2022,7,6
13.555499999999997,13.213833333333339,M4,2022,7,6
16.10679166666667,15.89620833333334,M5,2022,7,6
13.598208333333334,13.588,M6,2022,7,6
14.715333333333334,14.930250000000001,M2,2022,8,6
15.834124999999995,16.680958333333333,M3,2022,8,6
14.772166666666665,14.735124999999998,M4,2022,8,6
16.053958333333338,17.013666666666662,M5,2022,8,6
15.57575,15.355416666666668,M6,2022,8,6
15.985809523809523,15.075333333333337,M2,2022,9,6
16.50690909090909,16.044272727272723,M3,2022,9,6
16.298454545454543,15.403909090909092,M4,2022,9,6
16.490333333333332,16.273571428571426,M5,2022,9,6
15.796818181818184,15.460409090909092,M6,2022,9,6
14.433909090909093,14.457181818181818,M2,2022,10,6
15.858954545454548,15.66522727272727,M3,2022,10,6
13.837,13.705545454545454,M4,2022,10,6
15.3995,15.230318181818182,M5,2022,10,6
14.982227272727274,14.871409090909093,M6,2022,10,6
7.994260869565217,13.23908695652174,M2,2022,12,6
9.104565217391304,11.990478260869564,M3,2022,12,6
8.482521739130434,11.60382608695652,M4,2022,12,6
8.845608695652173,12.384826086956522,M5,2022,12,6
9.902782608695652,12.102304347826085,M6,2022,12,6
9.73229411764706,11.120235294117647,M3,2022,1,7
7.061117647058824,10.758999999999999,M4,2022,1,7
8.284705882352942,10.531823529411765,M5,2022,1,7
9.875941176470587,11.913882352941176,M6,2022,1,7
11.877130434782607,11.285782608695651,M3,2022,2,7
10.32521739130435,10.538869565217391,M4,2022,2,7
10.323173913043476,9.859782608695653,M5,2022,2,7
6.317043478260871,8.65486956521739,M2,2022,3,7
8.527086956521737,10.995521739130435,M3,2022,3,7
7.181173913043478,10.058652173913043,M4,2022,3,7
6.860565217391304,9.353608695652172,M5,2022,3,7
8.074583333333335,9.060583333333334,M2,2022,4,7
8.672749999999997,11.173083333333333,M3,2022,4,7
7.185458333333332,10.29575,M4,2022,4,7
8.434708333333335,9.93975,M5,2022,4,7
10.552,11.210571428571429,M2,2022,5,7
12.15871428571429,13.354428571428574,M3,2022,5,7
11.516904761904764,11.681571428571429,M4,2022,5,7
11.644809523809524,12.756904761904764,M5,2022,5,7
13.365333333333332,13.013428571428568,M6,2022,5,7
12.093695652173915,11.756695652173914,M2,2022,6,7
14.62770833333333,14.672666666666663,M3,2022,6,7
14.011291666666667,13.898541666666667,M4,2022,6,7
14.106833333333332,14.705375000000002,M5,2022,6,7
13.530999999999997,14.215041666666666,M6,2022,6,7
14.670499999999999,14.015708333333334,M2,2022,7,7
13.903416666666667,14.881166666666665,M3,2022,7,7
12.839416666666667,13.300833333333335,M4,2022,7,7
16.530000000000005,16.499791666666667,M5,2022,7,7
13.553499999999998,13.779458333333332,M6,2022,7,7
15.321500000000002,15.121958333333332,M2,2022,8,7
16.192208333333333,16.988166666666665,M3,2022,8,7
15.069124999999998,14.734916666666665,M4,2022,8,7
16.501458333333336,17.302874999999997,M5,2022,8,7
15.842250000000002,15.411333333333333,M6,2022,8,7
15.869150000000001,15.072949999999997,M2,2022,9,7
16.157300000000003,16.2278,M3,2022,9,7
15.539450000000002,15.270499999999998,M4,2022,9,7
16.45015,15.831100000000003,M5,2022,9,7
15.32475,15.318449999999999,M6,2022,9,7
13.695,14.383227272727275,M2,2022,10,7
14.909090909090908,15.589090909090906,M3,2022,10,7
12.472136363636364,13.624681818181815,M4,2022,10,7
14.928909090909094,15.113999999999999,M5,2022,10,7
13.548545454545451,14.778863636363637,M6,2022,10,7
14.567571428571425,14.734785714285715,M2,2022,11,7
13.155,13.547071428571428,M3,2022,11,7
12.659928571428571,13.216714285714284,M4,2022,11,7
14.124571428571429,13.840500000000002,M5,2022,11,7
10.832142857142857,13.606857142857143,M6,2022,11,7
7.147590909090909,13.167636363636364,M2,2022,12,7
7.571142857142858,11.986999999999998,M3,2022,12,7
7.6688095238095215,11.48352380952381,M4,2022,12,7
7.352714285714285,12.308238095238096,M5,2022,12,7
8.98242857142857,12.080761904761907,M6,2022,12,7
10.135541666666667,11.236916666666668,M3,2022,1,8
8.316708333333333,10.688333333333333,M4,2022,1,8
9.284916666666666,10.495041666666667,M5,2022,1,8
8.636,11.509916666666669,M6,2022,1,8
11.663333333333336,11.300166666666668,M3,2022,2,8
8.715375,10.517458333333332,M4,2022,2,8
10.709249999999997,9.865041666666668,M5,2022,2,8
7.645999999999999,8.661695652173913,M2,2022,3,8
9.541869565217393,11.022999999999998,M3,2022,3,8
7.493304347826088,10.090391304347829,M4,2022,3,8
8.943260869565218,9.285652173913041,M5,2022,3,8
6.827458333333332,9.072291666666667,M2,2022,4,8
7.938291666666667,11.15425,M3,2022,4,8
6.011583333333333,10.228541666666665,M4,2022,4,8
7.3664999999999985,9.942541666666667,M5,2022,4,8
10.90491304347826,11.250913043478262,M2,2022,5,8
13.392956521739132,13.367086956521739,M3,2022,5,8
12.250695652173917,11.636043478260873,M4,2022,5,8
12.297521739130435,13.219217391304346,M5,2022,5,8
12.872956521739132,12.888391304347826,M6,2022,5,8
13.318809523809524,11.92447619047619,M2,2022,6,8
14.337380952380954,14.320047619047617,M3,2022,6,8
13.377142857142855,13.878857142857143,M4,2022,6,8
14.481428571428566,14.490428571428573,M5,2022,6,8
13.579428571428569,14.001285714285716,M6,2022,6,8
14.530124999999998,13.974083333333335,M2,2022,7,8
13.643083333333335,15.0415,M3,2022,7,8
13.071374999999996,13.412999999999998,M4,2022,7,8
15.907416666666668,16.72495833333333,M5,2022,7,8
13.62675,13.943541666666663,M6,2022,7,8
16.007545454545458,15.426045454545454,M2,2022,8,8
16.443608695652173,17.18978260869565,M3,2022,8,8
15.284434782608697,14.833608695652174,M4,2022,8,8
17.81308695652174,17.682304347826083,M5,2022,8,8
16.239826086956523,15.437652173913047,M6,2022,8,8
15.74409523809524,15.122809523809524,M2,2022,9,8
16.520666666666664,16.505047619047616,M3,2022,9,8
15.653333333333332,15.48109523809524,M4,2022,9,8
16.306809523809523,16.234714285714286,M5,2022,9,8
15.274333333333331,15.217333333333334,M6,2022,9,8
12.709347826086956,14.293304347826089,M2,2022,10,8
14.626391304347825,15.51713043478261,M3,2022,10,8
12.813391304347828,13.542217391304348,M4,2022,10,8
13.756086956521738,15.078999999999997,M5,2022,10,8
14.422954545454543,14.699954545454547,M6,2022,10,8
13.015772727272726,14.687863636363636,M2,2022,11,8
12.669545454545458,13.473818181818178,M3,2022,11,8
11.586363636363636,12.987227272727273,M4,2022,11,8
13.215590909090912,13.788045454545454,M5,2022,11,8
11.926045454545454,13.501363636363635,M6,2022,11,8
6.441818181818183,13.09209090909091,M2,2022,12,8
7.635909090909092,12.010363636363634,M3,2022,12,8
6.424045454545453,11.568318181818183,M4,2022,12,8
6.259681818181818,12.241272727272728,M5,2022,12,8
8.377090909090912,12.174818181818182,M6,2022,12,8
11.309333333333335,11.366166666666665,M3,2022,1,9
9.053208333333332,10.638750000000002,M4,2022,1,9
8.636041666666667,10.415125000000002,M5,2022,1,9
11.185291666666666,11.493958333333333,M6,2022,1,9
9.193583333333333,11.288083333333333,M3,2022,2,9
6.424583333333334,10.476249999999999,M4,2022,2,9
9.106041666666666,9.848833333333333,M5,2022,2,9
8.733043478260871,8.687521739130434,M2,2022,3,9
8.826434782608697,11.01095652173913,M3,2022,3,9
7.907217391304347,10.166695652173912,M4,2022,3,9
9.113086956521741,9.246,M5,2022,3,9
6.754124999999998,9.169875000000001,M2,2022,4,9
8.690916666666665,11.150583333333332,M3,2022,4,9
7.828375000000001,10.333583333333332,M4,2022,4,9
7.079624999999999,10.114083333333335,M5,2022,4,9
11.13191304347826,10.756695652173914,M2,2022,5,9
13.344173913043473,13.022391304347826,M3,2022,5,9
11.95709090909091,11.430454545454547,M4,2022,5,9
12.809318181818185,12.80427272727273,M5,2022,5,9
12.3455,12.730727272727272,M6,2022,5,9
12.907045454545452,12.20309090909091,M2,2022,6,9
15.015500000000001,14.282545454545458,M3,2022,6,9
13.459909090909093,13.361818181818181,M4,2022,6,9
14.673818181818183,14.3195,M5,2022,6,9
14.043545454545455,13.48431818181818,M6,2022,6,9
15.325583333333332,14.007916666666667,M2,2022,7,9
14.245333333333335,15.501333333333333,M3,2022,7,9
13.203458333333332,13.609291666666664,M4,2022,7,9
16.664166666666663,17.05558333333333,M5,2022,7,9
13.50058333333333,14.262875,M6,2022,7,9
16.511625000000002,15.515166666666667,M2,2022,8,9
17.187208333333334,17.419916666666666,M3,2022,8,9
15.492375000000001,15.022041666666665,M4,2022,8,9
18.14941666666667,18.250875,M5,2022,8,9
16.279833333333332,15.43891666666667,M6,2022,8,9
15.630478260869566,15.168086956521739,M2,2022,9,9
16.454625000000004,16.771874999999994,M3,2022,9,9
15.014291666666667,15.455291666666666,M4,2022,9,9
16.768,16.822208333333332,M5,2022,9,9
15.533083333333337,15.761833333333334,M6,2022,9,9
13.968173913043474,14.257173913043479,M2,2022,10,9
14.774913043478263,15.428434782608697,M3,2022,10,9
12.836782608695652,13.420826086956524,M4,2022,10,9
14.545608695652174,15.093086956521734,M5,2022,10,9
13.214565217391307,14.608086956521738,M6,2022,10,9
12.893727272727272,14.625545454545454,M2,2022,11,9
13.353090909090911,13.408409090909094,M3,2022,11,9
12.387681818181818,12.728045454545454,M4,2022,11,9
13.222227272727274,13.723181818181821,M5,2022,11,9
13.153363636363634,13.50768181818182,M6,2022,11,9
5.8407083333333345,12.996791666666667,M2,2022,12,9
6.162125000000002,11.932916666666666,M3,2022,12,9
6.373708333333333,11.467458333333331,M4,2022,12,9
5.8202083333333325,12.172083333333333,M5,2022,12,9
6.786791666666666,12.234916666666669,M6,2022,12,9
11.85054166666667,11.46391666666667,M3,2022,1,10
10.28204166666667,10.638083333333332,M4,2022,1,10
10.939083333333334,10.423375000000002,M5,2022,1,10
10.340086956521738,11.549173913043477,M6,2022,1,10
8.277958333333334,11.319625,M3,2022,2,10
7.1732499999999995,10.4285,M4,2022,2,10
7.397083333333332,9.841499999999998,M5,2022,2,10
8.26813043478261,8.713565217391306,M2,2022,3,10
10.178739130434781,10.983086956521738,M3,2022,3,10
8.376260869565217,10.10008695652174,M4,2022,3,10
8.253217391304348,9.357217391304346,M5,2022,3,10
8.375625,9.118416666666667,M2,2022,4,10
10.784500000000001,11.079416666666665,M3,2022,4,10
9.018499999999998,10.225166666666665,M4,2022,4,10
9.447750000000001,9.957708333333334,M5,2022,4,10
11.459954545454544,10.644818181818183,M2,2022,5,10
12.78286363636364,12.752954545454545,M3,2022,5,10
11.193636363636362,11.440999999999999,M4,2022,5,10
12.798318181818184,12.454818181818181,M5,2022,5,10
11.380181818181818,12.44027272727273,M6,2022,5,10
13.248818181818178,12.59290909090909,M2,2022,6,10
14.691499999999998,14.397272727272728,M3,2022,6,10
13.246727272727272,12.774227272727272,M4,2022,6,10
14.871227272727275,14.399681818181818,M5,2022,6,10
13.051318181818177,12.907681818181818,M6,2022,6,10
14.202416666666664,14.133124999999998,M2,2022,7,10
16.318416666666668,16.067916666666665,M3,2022,7,10
13.211666666666666,13.960416666666665,M4,2022,7,10
16.485208333333336,17.069041666666667,M5,2022,7,10
13.54125,14.264083333333334,M6,2022,7,10
17.256739130434784,16.403130434782614,M2,2022,8,10
17.715260869565217,17.757913043478265,M3,2022,8,10
15.409782608695656,15.11682608695652,M4,2022,8,10
18.39136363636364,18.641954545454546,M5,2022,8,10
16.378318181818187,15.731999999999998,M6,2022,8,10
15.111,15.18745454545455,M2,2022,9,10
16.392652173913035,16.916521739130435,M3,2022,9,10
15.717521739130435,15.547565217391304,M4,2022,9,10
16.080565217391307,16.743565217391303,M5,2022,9,10
15.795956521739134,15.343695652173915,M6,2022,9,10
12.216826086956523,14.173434782608696,M2,2022,10,10
14.00017391304348,15.298086956521741,M3,2022,10,10
12.367391304347828,13.365173913043481,M4,2022,10,10
13.048869565217393,14.992434782608697,M5,2022,10,10
13.535260869565214,14.602347826086955,M6,2022,10,10
14.531299999999998,14.599250000000001,M2,2022,11,10
14.761052631578947,13.418842105263158,M3,2022,11,10
13.781842105263156,12.555736842105263,M4,2022,11,10
14.193052631578947,13.737578947368421,M5,2022,11,10
13.376449999999997,13.478299999999999,M6,2022,11,10
4.440391304347825,12.895217391304351,M2,2022,12,10
7.372173913043476,11.834826086956518,M3,2022,12,10
7.735347826086954,11.406391304347824,M4,2022,12,10
6.406217391304349,12.112478260869565,M5,2022,12,10
8.183217391304348,11.963130434782611,M6,2022,12,10
10.505749999999999,11.437125,M3,2022,1,11
9.948291666666664,10.565041666666668,M4,2022,1,11
9.539291666666665,10.306958333333334,M5,2022,1,11
10.59525,11.585916666666668,M6,2022,1,11
8.197923076923077,9.28376923076923,M2,2022,2,11
9.785583333333335,11.326041666666667,M3,2022,2,11
8.829375,10.391958333333335,M4,2022,2,11
8.284041666666665,9.795041666666668,M5,2022,2,11
9.212739130434784,8.778173913043478,M2,2022,3,11
9.788130434782609,10.983695652173912,M3,2022,3,11
8.94113043478261,10.12086956521739,M4,2022,3,11
9.401782608695653,9.610391304347825,M5,2022,3,11
9.832291666666668,9.137,M2,2022,4,11
11.230083333333333,11.004833333333332,M3,2022,4,11
9.930000000000001,10.259666666666666,M4,2022,4,11
10.231125,9.921374999999996,M5,2022,4,11
11.41013043478261,11.004000000000001,M2,2022,5,11
12.227478260869566,12.62,M3,2022,5,11
10.662826086956523,11.396217391304345,M4,2022,5,11
12.32721739130435,12.438956521739128,M5,2022,5,11
11.308173913043477,12.406782608695652,M6,2022,5,11
13.606416666666666,12.902250000000002,M2,2022,6,11
14.21475,14.35195833333333,M3,2022,6,11
12.566708333333336,12.553041666666665,M4,2022,6,11
14.499583333333334,14.388583333333331,M5,2022,6,11
12.638,12.912833333333333,M6,2022,6,11
14.888208333333333,13.821458333333338,M2,2022,7,11
16.737500000000004,16.16929166666667,M3,2022,7,11
14.477166666666662,13.844583333333333,M4,2022,7,11
17.827958333333335,17.681041666666662,M5,2022,7,11
14.52195833333333,14.114375,M6,2022,7,11
17.29718181818182,16.322727272727267,M2,2022,8,11
18.741999999999994,18.371545454545455,M3,2022,8,11
15.41059090909091,15.200136363636359,M4,2022,8,11
18.74418181818182,18.726181818181814,M5,2022,8,11
16.382772727272727,15.984909090909092,M6,2022,8,11
15.823190476190476,15.253857142857143,M2,2022,9,11
16.79738095238095,16.82,M3,2022,9,11
15.51847619047619,15.491714285714284,M4,2022,9,11
16.96645454545455,16.291181818181816,M5,2022,9,11
15.510500000000002,15.442636363636366,M6,2022,9,11
13.16786956521739,14.181043478260865,M2,2022,10,11
14.409913043478264,15.304521739130433,M3,2022,10,11
13.191260869565218,13.360173913043475,M4,2022,10,11
13.520173913043479,14.901217391304352,M5,2022,10,11
14.658217391304344,14.690521739130435,M6,2022,10,11
14.906521739130433,14.585434782608703,M2,2022,11,11
14.32491304347826,13.487652173913041,M3,2022,11,11
13.248521739130434,12.450304347826089,M4,2022,11,11
14.632739130434786,13.75582608695652,M5,2022,11,11
12.05121739130435,13.419782608695655,M6,2022,11,11
5.052363636363636,12.785681818181821,M2,2022,12,11
6.8146818181818185,11.638136363636363,M3,2022,12,11
7.387272727272728,11.338045454545455,M4,2022,12,11
5.1101363636363635,12.042590909090906,M5,2022,12,11
8.741090909090909,12.038681818181821,M6,2022,12,11
10.243416666666667,11.404166666666667,M3,2022,1,12
10.414333333333333,10.5345,M4,2022,1,12
9.289125000000002,10.251541666666666,M5,2022,1,12
11.122208333333331,11.516583333333331,M6,2022,1,12
9.344041666666667,9.303958333333332,M2,2022,2,12
11.177083333333334,11.303958333333332,M3,2022,2,12
9.94641666666667,10.503291666666668,M4,2022,2,12
9.958541666666667,9.721333333333334,M5,2022,2,12
8.172954545454546,8.777000000000001,M2,2022,3,12
8.60577272727273,10.929545454545455,M3,2022,3,12
7.238590909090909,10.173500000000002,M4,2022,3,12
9.109590909090908,9.571181818181818,M5,2022,3,12
9.107363636363639,9.15690909090909,M2,2022,4,12
10.967227272727271,11.270909090909088,M3,2022,4,12
10.62331818181818,10.482136363636364,M4,2022,4,12
10.019545454545455,10.13290909090909,M5,2022,4,12
10.885695652173911,10.989,M2,2022,5,12
12.35895652173913,12.628869565217391,M3,2022,5,12
10.917478260869563,11.43578260869565,M4,2022,5,12
12.214695652173912,12.477826086956522,M5,2022,5,12
11.855913043478262,12.428521739130435,M6,2022,5,12
13.128208333333333,12.900458333333333,M2,2022,6,12
13.73258333333333,14.390208333333334,M3,2022,6,12
11.962458333333332,12.58975,M4,2022,6,12
14.190291666666667,14.413499999999999,M5,2022,6,12
12.269625,12.915458333333339,M6,2022,6,12
15.445541666666665,14.018958333333332,M2,2022,7,12
16.08645833333333,16.219500000000004,M3,2022,7,12
13.636791666666666,13.778833333333331,M4,2022,7,12
18.470875000000003,18.07679166666667,M5,2022,7,12
13.889166666666668,14.305291666666667,M6,2022,7,12
16.407916666666665,15.565208333333329,M2,2022,8,12
19.54104166666667,18.715374999999998,M3,2022,8,12
14.523958333333331,15.451500000000001,M4,2022,8,12
18.495208333333334,18.920708333333334,M5,2022,8,12
16.806625,16.702125,M6,2022,8,12
15.634826086956522,15.367304347826083,M2,2022,9,12
16.995666666666665,16.953458333333327,M3,2022,9,12
14.43441666666667,15.565375000000003,M4,2022,9,12
16.424249999999997,15.907291666666664,M5,2022,9,12
14.428416666666669,15.364541666666668,M6,2022,9,12
13.60485714285714,14.168190476190475,M2,2022,10,12
14.795380952380949,15.297857142857143,M3,2022,10,12
12.749285714285712,13.381142857142855,M4,2022,10,12
14.353714285714286,14.882571428571428,M5,2022,10,12
13.983857142857143,15.103380952380952,M6,2022,10,12
14.280391304347821,14.574130434782608,M2,2022,11,12
14.171999999999999,13.506782608695653,M3,2022,11,12
12.877043478260868,12.365478260869565,M4,2022,11,12
13.845130434782607,13.755565217391304,M5,2022,11,12
13.393086956521742,13.395869565217387,M6,2022,11,12
4.96904347826087,12.55217391304348,M2,2022,12,12
7.516652173913043,11.521347826086956,M3,2022,12,12
4.960478260869565,11.27126086956522,M4,2022,12,12
5.90308695652174,11.96378260869565,M5,2022,12,12
7.6162608695652185,12.026695652173911,M6,2022,12,12
10.306458333333333,11.378750000000002,M3,2022,1,13
9.940249999999999,10.646666666666668,M4,2022,1,13
9.285000000000002,10.210916666666668,M5,2022,1,13
10.749916666666664,11.286458333333334,M6,2022,1,13
8.786541666666666,9.3045,M2,2022,2,13
9.693958333333333,11.272874999999999,M3,2022,2,13
8.731750000000002,10.492625000000002,M4,2022,2,13
9.641166666666667,9.734208333333333,M5,2022,2,13
9.195782608695653,8.945956521739129,M2,2022,3,13
9.006826086956522,10.898521739130434,M3,2022,3,13
8.563173913043476,10.156391304347824,M4,2022,3,13
9.310478260869564,9.533130434782608,M5,2022,3,13
9.751045454545455,9.312181818181818,M2,2022,4,13
11.839545454545457,11.645727272727271,M3,2022,4,13
10.669818181818183,10.733090909090908,M4,2022,4,13
10.743045454545454,10.54559090909091,M5,2022,4,13
12.446708333333335,10.966250000000002,M2,2022,5,13
12.996125000000001,12.696708333333333,M3,2022,5,13
11.79979166666667,11.476583333333336,M4,2022,5,13
12.768208333333334,12.356750000000003,M5,2022,5,13
12.479208333333334,12.391458333333333,M6,2022,5,13
12.677434782608694,12.932956521739131,M2,2022,6,13
13.550086956521737,14.50430434782609,M3,2022,6,13
12.295347826086957,12.576521739130435,M4,2022,6,13
13.55,14.626000000000003,M5,2022,6,13
12.758130434782606,12.85069565217391,M6,2022,6,13
14.235739130434784,13.53573913043478,M2,2022,7,13
15.266583333333335,15.883416666666669,M3,2022,7,13
13.70604166666667,13.890750000000004,M4,2022,7,13
15.974541666666667,17.142583333333338,M5,2022,7,13
14.420166666666669,14.410041666666666,M6,2022,7,13
15.95313043478261,14.780521739130437,M2,2022,8,13
19.622541666666667,19.1565,M3,2022,8,13
13.885166666666663,15.585958333333338,M4,2022,8,13
18.997833333333332,19.129541666666668,M5,2022,8,13
16.70095833333333,16.96525,M6,2022,8,13
14.758043478260868,15.313521739130435,M2,2022,9,13
16.86821739130435,16.959434782608692,M3,2022,9,13
14.059434782608694,15.863695652173911,M4,2022,9,13
15.39695652173913,16.085347826086956,M5,2022,9,13
14.375869565217391,15.492782608695652,M6,2022,9,13
13.543695652173913,14.193869565217392,M2,2022,10,13
14.702782608695651,15.243043478260871,M3,2022,10,13
13.127565217391304,13.40465217391304,M4,2022,10,13
14.420434782608694,14.869086956521741,M5,2022,10,13
13.97891304347826,15.038521739130433,M6,2022,10,13
15.417555555555554,14.54866666666667,M2,2022,11,13
12.504444444444445,13.55811111111111,M3,2022,11,13
12.732333333333335,12.373000000000001,M4,2022,11,13
13.269222222222222,13.70288888888889,M5,2022,11,13
10.039100000000001,13.413000000000002,M6,2022,11,13
5.039043478260869,12.636521739130437,M2,2022,12,13
7.1621304347826085,11.721478260869565,M3,2022,12,13
6.601608695652174,11.217782608695648,M4,2022,12,13
7.011434782608697,11.879478260869565,M5,2022,12,13
8.446434782608696,12.074608695652174,M6,2022,12,13
9.813652173913045,11.278608695652178,M3,2022,1,14
9.138521739130434,10.674434782608696,M4,2022,1,14
9.32317391304348,10.26113043478261,M5,2022,1,14
10.384133333333331,11.500333333333334,M6,2022,1,14
7.478416666666665,9.291791666666667,M2,2022,2,14
9.716416666666666,11.206958333333334,M3,2022,2,14
8.286125,10.464125000000001,M4,2022,2,14
8.524333333333333,9.73708333333333,M5,2022,2,14
8.437045454545457,8.972136363636363,M2,2022,3,14
9.451454545454546,10.906045454545456,M3,2022,3,14
9.280500000000002,10.128590909090908,M4,2022,3,14
8.789954545454547,9.57,M5,2022,3,14
9.901583333333333,9.302375000000003,M2,2022,4,14
11.936041666666666,11.644083333333336,M3,2022,4,14
10.835416666666665,10.523124999999999,M4,2022,4,14
11.183291666666667,10.656458333333333,M5,2022,4,14
10.998166666666664,10.957,M2,2022,5,14
13.140499999999996,13.288541666666665,M3,2022,5,14
11.763000000000003,11.598958333333337,M4,2022,5,14
12.530083333333335,12.883875000000002,M5,2022,5,14
12.758041666666665,12.475583333333333,M6,2022,5,14
13.175083333333333,13.046,M2,2022,6,14
14.196291666666662,14.647250000000005,M3,2022,6,14
12.766125,12.631958333333332,M4,2022,6,14
14.468916666666663,14.948708333333336,M5,2022,6,14
12.843458333333333,12.829875000000003,M6,2022,6,14
14.46883333333333,13.71504166666667,M2,2022,7,14
15.504708333333333,16.182916666666667,M3,2022,7,14
13.791583333333334,14.002500000000003,M4,2022,7,14
16.000958333333333,16.846791666666665,M5,2022,7,14
14.676458333333331,14.462833333333329,M6,2022,7,14
15.757952380952382,14.23142857142857,M2,2022,8,14
19.134954545454544,19.355181818181816,M3,2022,8,14
14.764818181818178,15.588318181818181,M4,2022,8,14
19.614272727272724,19.410000000000004,M5,2022,8,14
15.878909090909094,16.982045454545457,M6,2022,8,14
14.469304347826084,15.255695652173909,M2,2022,9,14
15.697791666666669,16.903708333333334,M3,2022,9,14
13.97875,15.821000000000003,M4,2022,9,14
14.867708333333331,16.87154166666667,M5,2022,9,14
14.647916666666665,15.613875,M6,2022,9,14
13.34404347826087,14.243391304347826,M2,2022,10,14
13.974478260869565,15.215521739130434,M3,2022,10,14
11.43982608695652,13.304173913043478,M4,2022,10,14
14.065913043478265,14.828913043478257,M5,2022,10,14
11.819826086956521,15.03778260869565,M6,2022,10,14
12.918904761904766,14.508476190476191,M2,2022,11,14
12.014619047619048,13.531095238095242,M3,2022,11,14
11.365904761904762,12.447047619047618,M4,2022,11,14
12.312238095238095,13.64652380952381,M5,2022,11,14
9.842952380952381,13.197000000000003,M6,2022,11,14
5.372347826086956,12.441260869565218,M2,2022,12,14
6.3552173913043495,11.774782608695652,M3,2022,12,14
6.31708695652174,11.160869565217391,M4,2022,12,14
6.463695652173913,11.76360869565217,M5,2022,12,14
8.550434782608693,11.919434782608695,M6,2022,12,14
10.74991304347826,11.196739130434784,M3,2022,1,15
9.066347826086956,10.649173913043478,M4,2022,1,15
9.953652173913042,10.40791304347826,M5,2022,1,15
8.822142857142858,9.286857142857142,M2,2022,2,15
11.366818181818182,11.215545454545454,M3,2022,2,15
8.477,10.441136363636362,M4,2022,2,15
10.083863636363638,9.710909090909091,M5,2022,2,15
8.188416666666667,8.950916666666666,M2,2022,3,15
9.88125,10.81975,M3,2022,3,15
9.323833333333335,10.148166666666667,M4,2022,3,15
8.855833333333335,9.520083333333334,M5,2022,3,15
9.978875000000002,9.300625000000002,M2,2022,4,15
11.811875,11.782125000000002,M3,2022,4,15
10.59325,10.614749999999999,M4,2022,4,15
10.859666666666664,10.609708333333332,M5,2022,4,15
11.348478260869564,10.705826086956522,M2,2022,5,15
12.813347826086956,13.44921739130435,M3,2022,5,15
11.913304347826088,11.854,M4,2022,5,15
12.877043478260871,12.957608695652173,M5,2022,5,15
12.46095652173913,12.595086956521742,M6,2022,5,15
13.260499999999995,13.240083333333333,M2,2022,6,15
14.753875,14.81916666666667,M3,2022,6,15
12.875958333333335,12.666125,M4,2022,6,15
14.471166666666667,15.157125000000002,M5,2022,6,15
12.985833333333337,13.127833333333333,M6,2022,6,15
14.980999999999996,13.711826086956522,M2,2022,7,15
16.344916666666666,16.560708333333334,M3,2022,7,15
13.699874999999999,13.990708333333332,M4,2022,7,15
17.179,17.331416666666666,M5,2022,7,15
14.74579166666667,14.667958333333331,M6,2022,7,15
15.419166666666667,14.152,M2,2022,8,15
17.55945833333333,18.754458333333332,M3,2022,8,15
14.448666666666663,15.469833333333336,M4,2022,8,15
18.326416666666663,19.03075,M5,2022,8,15
14.591124999999996,16.405874999999998,M6,2022,8,15
14.24885714285714,15.189523809523811,M2,2022,9,15
15.790666666666668,16.709238095238096,M3,2022,9,15
14.09175,15.722,M4,2022,9,15
15.03990909090909,16.588681818181815,M5,2022,9,15
14.50059090909091,15.794954545454544,M6,2022,9,15
12.32109090909091,14.280590909090906,M2,2022,10,15
13.020227272727272,14.953590909090906,M3,2022,10,15
10.114954545454545,13.184045454545453,M4,2022,10,15
13.441818181818178,14.729454545454546,M5,2022,10,15
11.169227272727275,14.951863636363639,M6,2022,10,15
11.133727272727274,14.488863636363634,M2,2022,11,15
10.7765,13.43227272727273,M3,2022,11,15
10.177136363636363,12.392727272727274,M4,2022,11,15
11.313499999999998,13.602636363636362,M5,2022,11,15
9.646636363636363,12.903363636363638,M6,2022,11,15
6.903086956521738,12.060826086956522,M2,2022,12,15
6.060260869565218,11.261695652173913,M3,2022,12,15
7.183217391304346,11.04695652173913,M4,2022,12,15
6.3254782608695646,11.658043478260868,M5,2022,12,15
7.94969565217391,11.86378260869565,M6,2022,12,15
10.813478260869564,11.200391304347825,M3,2022,1,16
8.578,10.608,M4,2022,1,16
9.053565217391304,10.439391304347824,M5,2022,1,16
11.278874999999998,9.344125,M2,2022,2,16
12.39991666666667,11.309583333333334,M3,2022,2,16
10.078583333333334,10.418125000000002,M4,2022,2,16
11.35,9.735041666666666,M5,2022,2,16
7.364375,8.896749999999999,M2,2022,3,16
9.20175,10.8395,M3,2022,3,16
8.07875,10.088000000000001,M4,2022,3,16
7.75525,9.5725,M5,2022,3,16
9.568909090909093,9.300409090909092,M2,2022,4,16
11.948181818181816,11.752772727272726,M3,2022,4,16
10.629909090909091,10.702409090909091,M4,2022,4,16
10.72740909090909,10.746227272727271,M5,2022,4,16
11.441956521739131,10.403434782608695,M2,2022,5,16
13.877000000000002,13.176739130434784,M3,2022,5,16
12.94486956521739,11.966695652173915,M4,2022,5,16
13.866260869565217,13.175739130434783,M5,2022,5,16
13.11704347826087,12.673652173913045,M6,2022,5,16
13.040708333333335,12.862666666666668,M2,2022,6,16
15.410958333333339,15.01475,M3,2022,6,16
13.510833333333332,12.734416666666666,M4,2022,6,16
15.276750000000005,15.414041666666664,M5,2022,6,16
13.431333333333335,13.024875,M6,2022,6,16
14.220833333333331,13.704041666666669,M2,2022,7,16
16.99175,16.72554166666667,M3,2022,7,16
14.210541666666666,14.061458333333336,M4,2022,7,16
17.791375000000002,17.864708333333333,M5,2022,7,16
15.427291666666667,14.879125000000002,M6,2022,7,16
15.195363636363636,14.175818181818181,M2,2022,8,16
15.878750000000002,17.47316666666666,M3,2022,8,16
14.34083333333333,15.386833333333335,M4,2022,8,16
17.148416666666666,18.14741666666667,M5,2022,8,16
14.487499999999999,16.278583333333334,M6,2022,8,16
13.469391304347823,15.145217391304351,M2,2022,9,16
15.3885,16.760875000000002,M3,2022,9,16
13.616541666666665,15.630291666666666,M4,2022,9,16
13.903333333333334,16.45795833333334,M5,2022,9,16
14.918583333333336,15.93670833333333,M6,2022,9,16
12.490200000000002,14.339450000000003,M2,2022,10,16
13.000499999999999,14.672550000000001,M3,2022,10,16
11.2329,13.1547,M4,2022,10,16
13.713449999999998,14.631649999999999,M5,2022,10,16
11.8163,15.006699999999999,M6,2022,10,16
10.985478260869565,14.438043478260871,M2,2022,11,16
11.121434782608693,13.339956521739131,M3,2022,11,16
10.352869565217391,12.276652173913048,M4,2022,11,16
11.023695652173911,13.551086956521738,M5,2022,11,16
11.10208695652174,13.038913043478262,M6,2022,11,16
6.269958333333334,11.839125000000001,M2,2022,12,16
7.3400833333333315,11.694958333333332,M3,2022,12,16
7.549708333333335,11.052458333333334,M4,2022,12,16
7.004416666666667,11.613791666666666,M5,2022,12,16
8.113333333333332,11.70629166666667,M6,2022,12,16
10.894458333333331,11.120916666666664,M3,2022,1,17
8.391958333333333,10.5105,M4,2022,1,17
8.379708333333333,10.364583333333332,M5,2022,1,17
7.206652173913044,9.28091304347826,M2,2022,2,17
9.90286956521739,11.28595652173913,M3,2022,2,17
6.8521739130434804,10.366695652173913,M4,2022,2,17
9.28713043478261,9.731478260869565,M5,2022,2,17
9.648599999999998,9.293599999999998,M2,2022,4,17
11.047300000000003,11.75715,M3,2022,4,17
10.341850000000003,10.68285,M4,2022,4,17
10.5079,10.639650000000001,M5,2022,4,17
11.04695833333333,10.239291666666668,M2,2022,5,17
13.250375,12.923458333333334,M3,2022,5,17
12.902458333333337,11.843916666666665,M4,2022,5,17
13.038708333333334,13.022916666666667,M5,2022,5,17
11.889291666666665,12.520458333333332,M6,2022,5,17
13.526318181818182,12.501499999999998,M2,2022,6,17
14.983000000000002,15.162869565217393,M3,2022,6,17
12.896130434782608,12.674000000000001,M4,2022,6,17
15.868434782608698,15.492913043478262,M5,2022,6,17
12.509782608695653,12.993,M6,2022,6,17
15.407565217391308,13.92534782608696,M2,2022,7,17
17.265173913043476,16.714565217391307,M3,2022,7,17
15.284565217391302,14.45713043478261,M4,2022,7,17
19.099434782608693,18.03391304347826,M5,2022,7,17
15.624217391304343,15.314608695652174,M6,2022,7,17
14.846571428571432,14.461857142857143,M2,2022,8,17
15.738933333333334,16.997733333333333,M3,2022,8,17
13.994133333333332,15.406333333333334,M4,2022,8,17
16.503866666666667,17.61253333333333,M5,2022,8,17
16.032,16.12493333333333,M6,2022,8,17
13.388791666666664,15.169708333333338,M2,2022,9,17
15.736374999999997,17.207999999999995,M3,2022,9,17
13.756999999999996,15.665458333333328,M4,2022,9,17
13.80166666666667,16.277083333333334,M5,2022,9,17
15.850333333333332,15.705458333333334,M6,2022,9,17
14.37042105263158,14.288157894736843,M2,2022,10,17
14.175052631578945,14.744473684210522,M3,2022,10,17
12.062526315789475,13.118631578947367,M4,2022,10,17
14.604263157894737,14.459210526315792,M5,2022,10,17
12.597210526315788,14.87457894736842,M6,2022,10,17
10.918500000000002,14.379363636363633,M2,2022,11,17
11.568727272727273,13.266318181818184,M3,2022,11,17
10.765227272727275,12.668318181818181,M4,2022,11,17
10.794136363636362,13.51504545454545,M5,2022,11,17
10.225954545454545,13.23272727272727,M6,2022,11,17
7.879695652173912,11.910521739130438,M2,2022,12,17
9.756260869565219,11.63295652173913,M3,2022,12,17
7.445958333333333,11.051416666666668,M4,2022,12,17
9.268708333333334,11.578375,M5,2022,12,17
9.639125000000002,11.704416666666667,M6,2022,12,17
11.615956521739127,11.12465217391304,M3,2022,1,18
10.178739130434781,10.543434782608694,M4,2022,1,18
9.698956521739131,10.301217391304347,M5,2022,1,18
6.349374999999999,9.276458333333332,M2,2022,2,18
7.653416666666666,11.109791666666666,M3,2022,2,18
5.694208333333333,10.295541666666663,M4,2022,2,18
7.724583333333335,9.751416666666664,M5,2022,2,18
8.908625,9.357874999999998,M2,2022,4,18
9.551666666666668,11.666583333333334,M3,2022,4,18
9.197583333333334,10.624541666666667,M4,2022,4,18
9.905583333333334,10.532958333333333,M5,2022,4,18
11.588434782608696,10.282478260869565,M2,2022,5,18
12.913173913043478,12.714739130434786,M3,2022,5,18
11.531043478260871,11.712000000000002,M4,2022,5,18
13.34404347826087,12.792608695652175,M5,2022,5,18
11.917521739130436,12.440304347826086,M6,2022,5,18
12.688,12.031565217391304,M2,2022,6,18
13.403041666666665,14.825458333333335,M3,2022,6,18
12.027583333333334,12.676791666666665,M4,2022,6,18
14.019333333333336,15.079124999999998,M5,2022,6,18
12.218875000000002,12.983541666666667,M6,2022,6,18
16.085761904761906,13.874999999999996,M2,2022,7,18
17.694363636363637,17.170136363636367,M3,2022,7,18
14.931181818181818,14.63609090909091,M4,2022,7,18
19.80513636363636,18.726181818181818,M5,2022,7,18
15.792181818181819,15.309499999999998,M6,2022,7,18
15.502142857142857,14.382190476190473,M2,2022,8,18
16.792619047619045,16.084666666666667,M3,2022,8,18
14.95342857142857,15.196142857142856,M4,2022,8,18
17.564619047619047,17.52204761904762,M5,2022,8,18
15.21628571428571,15.783619047619048,M6,2022,8,18
14.363043478260874,15.249391304347826,M2,2022,9,18
15.906347826086957,17.478956521739132,M3,2022,9,18
15.107833333333334,15.625041666666668,M4,2022,9,18
14.770166666666668,15.650249999999998,M5,2022,9,18
16.116916666666665,15.520333333333332,M6,2022,9,18
13.856421052631582,14.29231578947368,M2,2022,10,18
15.136210526315791,14.718263157894736,M3,2022,10,18
12.646,13.133105263157894,M4,2022,10,18
14.820157894736843,14.376736842105265,M5,2022,10,18
14.969052631578947,14.82121052631579,M6,2022,10,18
10.214909090909092,14.236454545454546,M2,2022,11,18
10.36586363636364,13.164454545454543,M3,2022,11,18
10.252727272727276,12.808272727272726,M4,2022,11,18
10.325863636363637,13.44168181818182,M5,2022,11,18
9.007454545454545,13.150136363636364,M6,2022,11,18
9.25104347826087,11.985,M2,2022,12,18
11.993083333333333,11.917333333333334,M3,2022,12,18
9.289166666666668,11.035666666666666,M4,2022,12,18
10.861833333333337,11.54179166666667,M5,2022,12,18
11.557625000000002,11.744541666666663,M6,2022,12,18
10.335,11.137666666666666,M3,2022,1,19
9.289083333333336,10.599375,M4,2022,1,19
9.529333333333335,10.300291666666666,M5,2022,1,19
6.52225,9.245249999999999,M2,2022,2,19
10.865916666666665,10.994666666666669,M3,2022,2,19
7.665541666666667,10.259416666666667,M4,2022,2,19
9.462083333333334,9.706874999999998,M5,2022,2,19
8.257666666666667,9.468375,M2,2022,4,19
9.830291666666668,11.671833333333337,M3,2022,4,19
9.397083333333335,10.745833333333332,M4,2022,4,19
9.311541666666667,10.663833333333335,M5,2022,4,19
10.86175,10.21725,M2,2022,5,19
12.6658,12.616800000000001,M3,2022,5,19
12.1386,11.581600000000002,M4,2022,5,19
12.597599999999998,12.702000000000002,M5,2022,5,19
12.6954,12.4092,M6,2022,5,19
12.445409090909093,11.722818181818184,M2,2022,6,19
13.399772727272726,14.49886363636364,M3,2022,6,19
12.363318181818185,12.726454545454544,M4,2022,6,19
13.228818181818182,14.338545454545454,M5,2022,6,19
12.56518181818182,13.010090909090911,M6,2022,6,19
15.824352941176471,13.738235294117647,M2,2022,7,19
16.171833333333332,16.590388888888885,M3,2022,7,19
14.433055555555557,14.748333333333335,M4,2022,7,19
19.80405555555556,19.080777777777783,M5,2022,7,19
14.433,15.054388888888887,M6,2022,7,19
15.713304347826087,15.137869565217388,M2,2022,8,19
16.422125000000005,16.104625,M3,2022,8,19
14.560666666666664,15.089541666666667,M4,2022,8,19
17.119958333333336,17.342874999999996,M5,2022,8,19
15.221708333333332,15.633041666666669,M6,2022,8,19
15.177473684210527,15.292842105263157,M2,2022,9,19
15.889210526315791,17.223526315789478,M3,2022,9,19
15.593526315789473,15.540578947368422,M4,2022,9,19
15.575684210526319,15.929736842105262,M5,2022,9,19
15.914894736842108,15.511157894736845,M6,2022,9,19
13.600166666666667,14.272499999999999,M2,2022,10,19
14.84958333333333,14.835083333333335,M3,2022,10,19
12.526000000000002,13.172416666666669,M4,2022,10,19
15.183000000000002,14.490833333333333,M5,2022,10,19
14.413916666666667,14.850416666666666,M6,2022,10,19
10.208478260869564,14.164260869565215,M2,2022,11,19
11.437565217391302,13.086521739130438,M3,2022,11,19
10.138478260869563,12.642521739130434,M4,2022,11,19
10.42291304347826,13.419869565217395,M5,2022,11,19
11.51617391304348,13.126391304347829,M6,2022,11,19
12.231695652173912,12.024782608695652,M2,2022,12,19
11.847434782608696,11.979,M3,2022,12,19
10.90041666666667,11.070416666666668,M4,2022,12,19
12.194333333333331,11.633249999999999,M5,2022,12,19
9.110083333333334,11.806208333333332,M6,2022,12,19
8.867958333333334,11.151541666666665,M3,2022,1,20
8.540375,10.537916666666666,M4,2022,1,20
7.797916666666665,10.36375,M5,2022,1,20
9.0211,9.289950000000001,M2,2022,2,20
10.590800000000002,11.0919,M3,2022,2,20
9.008749999999996,10.25895,M4,2022,2,20
9.577549999999999,9.655849999999997,M5,2022,2,20
9.333782608695655,9.472565217391303,M2,2022,4,20
10.469565217391304,11.651173913043483,M3,2022,4,20
9.811478260869565,10.669434782608693,M4,2022,4,20
9.947391304347827,11.079173913043476,M5,2022,4,20
12.503227272727274,12.092272727272727,M2,2022,6,20
13.570590909090908,14.493772727272729,M3,2022,6,20
12.105863636363637,12.896227272727275,M4,2022,6,20
13.885909090909092,14.337681818181814,M5,2022,6,20
12.87590909090909,13.119454545454545,M6,2022,6,20
14.764772727272726,13.663136363636363,M2,2022,7,20
15.30181818181818,16.079909090909087,M3,2022,7,20
13.841409090909092,14.436772727272727,M4,2022,7,20
16.72454545454546,16.901318181818183,M5,2022,7,20
14.218772727272727,15.056227272727272,M6,2022,7,20
16.26526086956522,15.737999999999998,M2,2022,8,20
16.572583333333334,16.216333333333335,M3,2022,8,20
14.216708333333335,14.93766666666667,M4,2022,8,20
17.624541666666662,17.503166666666665,M5,2022,8,20
14.918624999999999,15.604041666666669,M6,2022,8,20
15.541454545454547,15.642909090909091,M2,2022,9,20
16.39381818181818,16.904318181818176,M3,2022,9,20
15.543863636363637,15.388045454545454,M4,2022,9,20
16.047681818181818,16.723818181818185,M5,2022,9,20
15.790090909090907,15.545409090909091,M6,2022,9,20
14.54252631578947,14.360210526315791,M2,2022,10,20
15.218421052631578,14.87026315789474,M3,2022,10,20
13.596736842105262,13.169105263157897,M4,2022,10,20
14.943578947368424,14.554736842105262,M5,2022,10,20
14.324157894736842,15.01278947368421,M6,2022,10,20
10.40595652173913,14.106434782608693,M2,2022,11,20
12.301782608695653,13.000521739130434,M3,2022,11,20
9.306173913043478,12.393565217391306,M4,2022,11,20
11.875,13.35730434782609,M5,2022,11,20
10.028,12.820869565217393,M6,2022,11,20
10.033833333333336,11.868541666666667,M2,2022,12,20
10.617666666666667,11.903583333333335,M3,2022,12,20
8.998166666666668,11.005833333333333,M4,2022,12,20
10.823249999999996,11.568041666666666,M5,2022,12,20
8.656416666666667,11.59275,M6,2022,12,20
8.633347826086956,11.324478260869563,M3,2022,1,21
8.83704347826087,10.560913043478262,M4,2022,1,21
7.240565217391306,10.275391304347828,M5,2022,1,21
8.463083333333334,9.035750000000002,M2,2022,2,21
10.741833333333334,11.118333333333334,M3,2022,2,21
9.278916666666667,10.23520833333333,M4,2022,2,21
9.069458333333335,9.578791666666666,M5,2022,2,21
9.034833333333333,8.866,M2,2022,3,21
10.988,10.948500000000001,M3,2022,3,21
9.946333333333333,10.200833333333334,M4,2022,3,21
9.946166666666665,9.756666666666666,M5,2022,3,21
10.368749999999999,9.443549999999998,M2,2022,4,21
10.99865,11.64245,M3,2022,4,21
11.154799999999996,10.69425,M4,2022,4,21
11.01075,11.282250000000001,M5,2022,4,21
14.259374999999999,13.113791666666666,M2,2022,6,21
13.936391304347827,14.71508695652174,M3,2022,6,21
12.543565217391302,13.166478260869564,M4,2022,6,21
15.515826086956523,14.946739130434779,M5,2022,6,21
12.592565217391307,13.209434782608694,M6,2022,6,21
14.672500000000001,14.257333333333335,M2,2022,7,21
15.042791666666668,16.134666666666664,M3,2022,7,21
14.091799999999997,14.6695,M4,2022,7,21
15.565500000000002,16.969791666666666,M5,2022,7,21
15.134208333333333,14.975541666666665,M6,2022,7,21
14.88326086956522,15.52204347826087,M2,2022,8,21
16.23895833333334,16.28620833333333,M3,2022,8,21
14.342791666666669,14.914208333333336,M4,2022,8,21
16.857541666666666,17.622041666666664,M5,2022,8,21
15.026625000000001,15.612416666666661,M6,2022,8,21
15.65104761904762,15.52514285714286,M2,2022,9,21
16.425285714285714,16.810666666666663,M3,2022,9,21
15.388333333333335,15.420809523809526,M4,2022,9,21
16.432190476190474,16.05538095238095,M5,2022,9,21
15.909142857142857,15.611666666666665,M6,2022,9,21
15.029300000000001,14.5529,M2,2022,10,21
14.655750000000001,14.914600000000002,M3,2022,10,21
13.42295,13.122799999999998,M4,2022,10,21
15.158649999999998,14.533550000000002,M5,2022,10,21
13.696300000000003,15.051250000000001,M6,2022,10,21
10.318541666666667,14.015583333333334,M2,2022,11,21
10.32875,12.909208333333334,M3,2022,11,21
9.785541666666669,12.364958333333332,M4,2022,11,21
10.503791666666666,13.294000000000002,M5,2022,11,21
9.669666666666666,12.791458333333333,M6,2022,11,21
9.517083333333334,11.876875,M2,2022,12,21
10.931041666666664,11.917541666666663,M3,2022,12,21
9.999249999999998,10.97204166666667,M4,2022,12,21
10.609541666666667,11.410541666666667,M5,2022,12,21
10.066416666666667,11.640583333333332,M6,2022,12,21
9.209833333333334,11.333291666666668,M3,2022,1,22
10.021625,10.547624999999998,M4,2022,1,22
7.3645,10.266166666666669,M5,2022,1,22
9.185458333333337,8.942291666666666,M2,2022,2,22
10.825124999999998,11.193291666666667,M3,2022,2,22
9.046958333333333,10.218666666666667,M4,2022,2,22
10.105083333333333,9.564249999999998,M5,2022,2,22
10.340500000000002,8.95757142857143,M2,2022,3,22
11.229714285714284,10.975714285714288,M3,2022,3,22
11.4495,10.274285714285714,M4,2022,3,22
10.640285714285712,9.782785714285714,M5,2022,3,22
10.046000000000001,9.446166666666665,M2,2022,4,22
11.728541666666667,11.615208333333333,M3,2022,4,22
10.762166666666664,10.705375000000002,M4,2022,4,22
10.831250000000002,10.926791666666668,M5,2022,4,22
14.425714285714285,14.007761904761903,M2,2022,6,22
14.090857142857141,14.797190476190478,M3,2022,6,22
12.044619047619047,13.32995238095238,M4,2022,6,22
15.462714285714288,15.513523809523813,M5,2022,6,22
12.574809523809526,13.389,M6,2022,6,22
14.558583333333331,15.126958333333329,M2,2022,7,22
15.807666666666668,16.156499999999998,M3,2022,7,22
14.62975,14.788291666666668,M4,2022,7,22
16.883958333333336,17.514291666666672,M5,2022,7,22
15.374375000000002,15.106416666666666,M6,2022,7,22
16.09058333333333,15.489875,M2,2022,8,22
17.079125,16.671500000000005,M3,2022,8,22
15.095625,14.916749999999999,M4,2022,8,22
17.750666666666664,17.729583333333334,M5,2022,8,22
15.787374999999999,15.708958333333333,M6,2022,8,22
14.883761904761903,15.52752380952381,M2,2022,9,22
16.457809523809523,17.11857142857143,M3,2022,9,22
14.723333333333333,15.306952380952382,M4,2022,9,22
16.350904761904758,16.255428571428574,M5,2022,9,22
14.895285714285711,15.548333333333336,M6,2022,9,22
14.663100000000004,14.811649999999997,M2,2022,10,22
14.587449999999999,14.849900000000002,M3,2022,10,22
12.96135,13.191400000000002,M4,2022,10,22
14.8096,14.55155,M5,2022,10,22
13.583900000000003,14.8875,M6,2022,10,22
9.416565217391303,14.00408695652174,M2,2022,11,22
11.17725,12.692666666666668,M3,2022,11,22
9.789708333333335,12.277583333333332,M4,2022,11,22
10.656374999999999,13.207166666666666,M5,2022,11,22
9.899499999999998,12.611166666666668,M6,2022,11,22
8.823363636363636,11.887909090909092,M2,2022,12,22
10.63440909090909,11.913454545454545,M3,2022,12,22
9.608954545454546,10.977772727272729,M4,2022,12,22
10.259136363636365,11.355409090909092,M5,2022,12,22
10.172681818181816,11.651727272727271,M6,2022,12,22
9.917454545454543,11.276727272727273,M3,2022,1,23
9.693318181818183,10.56090909090909,M4,2022,1,23
7.982090909090909,10.294,M5,2022,1,23
8.643454545454547,8.892227272727276,M2,2022,2,23
10.248136363636364,11.19,M3,2022,2,23
7.806772727272727,10.201818181818183,M4,2022,2,23
9.695545454545455,9.558545454545452,M5,2022,2,23
9.985478260869565,9.006,M2,2022,3,23
10.843217391304346,11.045782608695653,M3,2022,3,23
10.503478260869562,10.308956521739132,M4,2022,3,23
10.229826086956523,9.828043478260868,M5,2022,3,23
10.129375000000001,9.451125000000001,M2,2022,4,23
11.551583333333332,11.761666666666668,M3,2022,4,23
10.766125,10.736125000000001,M4,2022,4,23
10.690391304347827,10.732739130434783,M5,2022,4,23
14.450173913043475,14.431521739130433,M2,2022,6,23
14.023416666666668,15.054875000000001,M3,2022,6,23
12.705041666666672,13.396500000000001,M4,2022,6,23
15.661291666666665,16.155374999999996,M5,2022,6,23
13.063166666666666,13.602541666666665,M6,2022,6,23
15.444095238095239,15.479571428571429,M2,2022,7,23
16.786727272727273,16.218772727272725,M3,2022,7,23
15.35295454545455,14.907,M4,2022,7,23
17.914272727272728,17.407363636363637,M5,2022,7,23
15.514909090909095,15.205818181818186,M6,2022,7,23
16.45004347826087,15.901434782608696,M2,2022,8,23
16.755791666666664,17.104166666666664,M3,2022,8,23
14.601208333333332,15.002833333333337,M4,2022,8,23
17.600125000000002,17.35833333333333,M5,2022,8,23
14.471041666666663,15.683499999999997,M6,2022,8,23
14.130523809523808,15.507238095238094,M2,2022,9,23
15.29747619047619,16.926523809523808,M3,2022,9,23
13.658333333333333,15.125523809523807,M4,2022,9,23
14.823380952380955,15.982238095238099,M5,2022,9,23
14.674380952380949,15.488190476190473,M6,2022,9,23
14.699699999999998,14.903649999999995,M2,2022,10,23
14.13585,14.864949999999999,M3,2022,10,23
12.9419,13.421150000000003,M4,2022,10,23
14.589849999999998,14.56105,M5,2022,10,23
13.00315,14.7745,M6,2022,10,23
10.947272727272725,13.975409090909091,M2,2022,11,23
11.362181818181819,12.461272727272728,M3,2022,11,23
9.520181818181818,11.991954545454545,M4,2022,11,23
11.471090909090908,13.127272727272725,M5,2022,11,23
9.688818181818185,12.526,M6,2022,11,23
9.803958333333334,11.883666666666668,M2,2022,12,23
11.801791666666666,11.845583333333336,M3,2022,12,23
9.256708333333332,11.048499999999999,M4,2022,12,23
10.991999999999999,11.359625,M5,2022,12,23
11.217833333333333,11.599541666666667,M6,2022,12,23
10.095090909090912,11.321727272727271,M3,2022,1,24
9.793318181818183,10.611090909090906,M4,2022,1,24
7.813454545454545,10.288818181818185,M5,2022,1,24
5.9376,8.833499999999997,M2,2022,2,24
7.466000000000001,11.060199999999998,M3,2022,2,24
5.4197999999999995,10.1625,M4,2022,2,24
7.2899,9.5256,M5,2022,2,24
10.145708333333335,9.068916666666667,M2,2022,3,24
10.454958333333334,11.207749999999999,M3,2022,3,24
10.316666666666668,10.396000000000003,M4,2022,3,24
10.593291666666666,10.115041666666665,M5,2022,3,24
9.698125,9.485499999999998,M2,2022,4,24
11.343916666666665,11.775875,M3,2022,4,24
10.581083333333332,10.778041666666665,M4,2022,4,24
10.499749999999997,10.556041666666669,M5,2022,4,24
12.399875,11.685375,M2,2022,5,24
12.5465,13.227625,M3,2022,5,24
11.325625,11.989125,M4,2022,5,24
13.13225,13.678749999999999,M5,2022,5,24
12.032444444444444,12.68322222222222,M6,2022,5,24
13.767124999999998,13.995791666666667,M2,2022,6,24
13.242125000000001,14.893083333333331,M3,2022,6,24
13.571750000000002,13.452041666666668,M4,2022,6,24
14.961291666666668,15.937249999999999,M5,2022,6,24
11.880958333333334,13.546666666666667,M6,2022,6,24
15.762086956521738,15.473478260869564,M2,2022,7,24
16.350916666666667,16.159583333333334,M3,2022,7,24
14.904333333333332,14.679666666666664,M4,2022,7,24
17.78125,17.14670833333333,M5,2022,7,24
14.517916666666665,15.099375,M6,2022,7,24
15.874833333333333,15.856166666666667,M2,2022,8,24
16.342875,17.039166666666667,M3,2022,8,24
14.58704166666667,14.899749999999996,M4,2022,8,24
16.930833333333336,17.384958333333337,M5,2022,8,24
14.705041666666665,15.609624999999996,M6,2022,8,24
13.670235294117647,15.309529411764705,M2,2022,9,24
15.382058823529412,16.790176470588236,M3,2022,9,24
13.808058823529407,15.20605882352941,M4,2022,9,24
13.891411764705882,15.989294117647058,M5,2022,9,24
14.253294117647057,15.586176470588237,M6,2022,9,24
14.144478260869564,14.903826086956522,M2,2022,10,24
14.22295652173913,14.756695652173914,M3,2022,10,24
12.817695652173912,13.554304347826088,M4,2022,10,24
14.346130434782605,14.525826086956519,M5,2022,10,24
13.087304347826086,14.811478260869565,M6,2022,10,24
11.518391304347825,13.88034782608696,M2,2022,11,24
11.426999999999998,12.25804347826087,M3,2022,11,24
10.361347826086957,12.013826086956525,M4,2022,11,24
11.95986956521739,13.03895652173913,M5,2022,11,24
9.73921739130435,12.372260869565219,M6,2022,11,24
10.907809523809526,11.899761904761904,M2,2022,12,24
11.78904761904762,11.681666666666667,M3,2022,12,24
10.25447619047619,11.06504761904762,M4,2022,12,24
11.456523809523809,11.358761904761904,M5,2022,12,24
10.58447619047619,11.709523809523809,M6,2022,12,24
10.226076923076922,11.265384615384617,M3,2022,1,25
9.655230769230771,10.713615384615384,M4,2022,1,25
9.012769230769232,10.279153846153845,M5,2022,1,25
7.529208333333334,8.777916666666668,M2,2022,2,25
10.007208333333333,11.037291666666667,M3,2022,2,25
9.289249999999997,10.097999999999999,M4,2022,2,25
8.861916666666671,9.492416666666665,M5,2022,2,25
9.662826086956523,9.112304347826088,M2,2022,3,25
11.113000000000001,11.21408695652174,M3,2022,3,25
9.944090909090907,10.626227272727272,M4,2022,3,25
10.446217391304346,10.50695652173913,M5,2022,3,25
8.940714285714288,9.539761904761908,M2,2022,4,25
11.242571428571427,11.738095238095237,M3,2022,4,25
10.059142857142856,10.876714285714286,M4,2022,4,25
10.335714285714285,10.866142857142856,M5,2022,4,25
12.465130434782612,11.573956521739131,M2,2022,5,25
13.232124999999998,13.131916666666667,M3,2022,5,25
11.451875000000001,11.957958333333332,M4,2022,5,25
13.406916666666667,13.508166666666666,M5,2022,5,25
11.79979166666667,12.663541666666667,M6,2022,5,25
12.531000000000004,12.650086956521742,M2,2022,6,25
12.609458333333334,14.542916666666665,M3,2022,6,25
13.134374999999999,13.686083333333334,M4,2022,6,25
13.769208333333333,15.345625000000004,M5,2022,6,25
11.872916666666667,13.32079166666667,M6,2022,6,25
15.842333333333336,15.828250000000002,M2,2022,7,25
15.199375000000002,15.852875,M3,2022,7,25
13.547375000000002,14.621791666666667,M4,2022,7,25
16.625666666666664,16.590500000000002,M5,2022,7,25
13.933916666666667,14.753458333333333,M6,2022,7,25
15.429250000000001,15.899,M2,2022,8,25
16.214583333333334,16.956583333333334,M3,2022,8,25
13.612416666666668,14.815708333333333,M4,2022,8,25
16.373375000000003,16.892125,M5,2022,8,25
14.595166666666664,15.542458333333334,M6,2022,8,25
13.766090909090908,15.149272727272727,M2,2022,9,25
14.827,16.691227272727275,M3,2022,9,25
14.287636363636363,15.171409090909092,M4,2022,9,25
13.905772727272726,15.968227272727274,M5,2022,9,25
15.257409090909091,15.553409090909087,M6,2022,9,25
14.447409090909089,14.882409090909091,M2,2022,10,25
14.751499999999995,14.72140909090909,M3,2022,10,25
13.45527272727273,13.612272727272726,M4,2022,10,25
14.621047619047618,14.487714285714286,M5,2022,10,25
13.446761904761905,14.838666666666668,M6,2022,10,25
11.826176470588237,13.795705882352943,M2,2022,11,25
12.438058823529412,12.124823529411765,M3,2022,11,25
11.708470588235297,11.881352941176473,M4,2022,11,25
12.394882352941178,12.959058823529409,M5,2022,11,25
12.463823529411764,12.283823529411766,M6,2022,11,25
10.63431818181818,11.806636363636363,M2,2022,12,25
10.732,11.6925,M3,2022,12,25
7.682409090909093,11.072909090909091,M4,2022,12,25
10.876318181818181,11.328227272727272,M5,2022,12,25
8.443636363636365,11.766363636363637,M6,2022,12,25
10.469695652173911,11.195130434782609,M3,2022,1,26
10.43769565217391,10.70791304347826,M4,2022,1,26
9.556695652173914,10.266478260869565,M5,2022,1,26
9.17309523809524,8.753190476190477,M2,2022,2,26
10.69385714285714,11.171190476190475,M3,2022,2,26
10.098571428571427,10.200333333333331,M4,2022,2,26
9.621904761904764,9.445380952380955,M5,2022,2,26
9.698041666666668,9.129875,M2,2022,3,26
10.977749999999999,11.166624999999998,M3,2022,3,26
10.491541666666665,10.603416666666666,M4,2022,3,26
10.819041666666665,10.423166666666667,M5,2022,3,26
9.511227272727272,9.632727272727273,M2,2022,4,26
11.259800000000002,11.7524,M3,2022,4,26
10.424190476190475,10.90542857142857,M4,2022,4,26
10.656714285714283,11.086190476190476,M5,2022,4,26
11.80390909090909,12.196818181818184,M6,2022,4,26
12.91308695652174,11.728260869565213,M2,2022,5,26
13.43539130434783,13.158217391304348,M3,2022,5,26
11.325304347826089,11.937695652173913,M4,2022,5,26
13.634999999999998,13.408217391304348,M5,2022,5,26
11.26578260869565,12.742478260869563,M6,2022,5,26
12.73908695652174,11.917347826086957,M2,2022,6,26
13.050916666666668,14.155749999999996,M3,2022,6,26
12.277916666666668,13.654958333333335,M4,2022,6,26
14.015333333333333,15.148000000000001,M5,2022,6,26
11.978791666666666,13.08579166666667,M6,2022,6,26
14.341869565217388,15.904304347826088,M2,2022,7,26
15.031782608695652,16.19121739130435,M3,2022,7,26
13.354124999999998,14.794833333333331,M4,2022,7,26
15.081416666666662,16.358416666666667,M5,2022,7,26
14.123125000000002,14.860333333333337,M6,2022,7,26
15.360869565217392,16.01369565217391,M2,2022,8,26
16.011208333333332,17.06358333333333,M3,2022,8,26
14.257291666666667,14.919416666666665,M4,2022,8,26
16.30816666666667,17.335833333333333,M5,2022,8,26
15.789458333333336,15.567875000000003,M6,2022,8,26
13.357545454545452,14.699136363636368,M2,2022,9,26
15.65463636363636,16.628590909090914,M3,2022,9,26
13.284272727272729,14.764045454545455,M4,2022,9,26
14.62490909090909,15.628727272727275,M5,2022,9,26
15.461545454545456,15.438272727272727,M6,2022,9,26
15.032,14.928826086956525,M2,2022,10,26
14.503304347826086,14.618782608695655,M3,2022,10,26
13.543652173913042,13.378260869565217,M4,2022,10,26
15.137956521739133,14.460043478260868,M5,2022,10,26
12.828260869565215,14.819478260869566,M6,2022,10,26
13.346173913043478,13.760391304347825,M2,2022,11,26
13.085043478260873,12.239739130434781,M3,2022,11,26
12.119086956521741,11.869782608695653,M4,2022,11,26
13.002347826086956,12.938565217391305,M5,2022,11,26
11.567260869565219,12.266782608695653,M6,2022,11,26
7.1031818181818185,11.705,M2,2022,12,26
9.147363636363638,11.620636363636363,M3,2022,12,26
6.936727272727273,11.020636363636363,M4,2022,12,26
8.545863636363636,11.242454545454544,M5,2022,12,26
8.370363636363635,11.71281818181818,M6,2022,12,26
10.456869565217389,11.276391304347827,M3,2022,1,27
9.847565217391306,10.692260869565217,M4,2022,1,27
10.195739130434784,10.24678260869565,M5,2022,1,27
8.694190476190476,8.704714285714285,M2,2022,2,27
10.13342857142857,11.073476190476189,M3,2022,2,27
8.18504761904762,10.276666666666667,M4,2022,2,27
9.624238095238095,9.42047619047619,M5,2022,2,27
9.515000000000002,9.175875,M2,2022,3,27
10.99408333333333,11.24275,M3,2022,3,27
10.959499999999998,10.766083333333334,M4,2022,3,27
10.618727272727272,10.470863636363635,M5,2022,3,27
9.123608695652177,9.55886956521739,M2,2022,4,27
11.348521739130433,11.797347826086957,M3,2022,4,27
10.705260869565215,10.816260869565218,M4,2022,4,27
10.638772727272725,11.218999999999998,M5,2022,4,27
12.04586363636364,12.384409090909093,M6,2022,4,27
11.446636363636362,11.464909090909092,M2,2022,5,27
13.053590909090907,13.682363636363636,M3,2022,5,27
11.255863636363637,11.91118181818182,M4,2022,5,27
12.465363636363636,13.719590909090908,M5,2022,5,27
12.094727272727276,12.798363636363634,M6,2022,5,27
12.480086956521738,12.03608695652174,M2,2022,6,27
13.745347826086956,14.000347826086953,M3,2022,6,27
12.308130434782608,13.31413043478261,M4,2022,6,27
13.859956521739132,15.138782608695653,M5,2022,6,27
12.78791304347826,13.039173913043479,M6,2022,6,27
14.529454545454543,15.979909090909093,M2,2022,7,27
15.562695652173916,16.323826086956522,M3,2022,7,27
14.435260869565218,15.045608695652174,M4,2022,7,27
15.379913043478261,16.46834782608696,M5,2022,7,27
14.889652173913046,14.845913043478262,M6,2022,7,27
15.197478260869564,16.138347826086953,M2,2022,8,27
16.613434782608696,17.191478260869566,M3,2022,8,27
15.119958333333335,14.870541666666666,M4,2022,8,27
16.414083333333334,17.724541666666664,M5,2022,8,27
16.106708333333334,15.635833333333329,M6,2022,8,27
12.583090909090911,14.593318181818182,M2,2022,9,27
16.058681818181817,16.447727272727274,M3,2022,9,27
12.41209090909091,14.645681818181815,M4,2022,9,27
13.4065,15.448318181818184,M5,2022,9,27
15.135409090909091,15.325681818181817,M6,2022,9,27
15.36271428571429,14.951809523809525,M2,2022,10,27
14.967380952380955,14.534809523809523,M3,2022,10,27
13.897904761904758,13.20404761904762,M4,2022,10,27
15.21152380952381,14.458000000000002,M5,2022,10,27
12.133047619047618,14.774523809523807,M6,2022,10,27
12.252227272727271,13.692409090909093,M2,2022,11,27
11.808500000000002,12.428409090909089,M3,2022,11,27
10.785318181818182,11.747863636363638,M4,2022,11,27
12.219045454545455,12.903863636363637,M5,2022,11,27
10.414590909090908,12.247772727272729,M6,2022,11,27
9.837636363636362,11.641272727272728,M2,2022,12,27
10.996136363636364,11.672272727272729,M3,2022,12,27
9.48240909090909,11.024045454545455,M4,2022,12,27
10.645363636363635,11.197181818181818,M5,2022,12,27
10.089695652173912,11.724173913043478,M6,2022,12,27
11.309090909090909,11.356318181818185,M3,2022,1,28
10.53222727272727,10.7405,M4,2022,1,28
10.16818181818182,10.180636363636363,M5,2022,1,28
8.684833333333334,8.653708333333332,M2,2022,2,28
10.09275,11.022541666666667,M3,2022,2,28
8.455,10.257291666666665,M4,2022,2,28
9.26466666666667,9.418874999999998,M5,2022,2,28
8.87868181818182,9.320772727272727,M2,2022,3,28
10.039454545454547,11.344090909090907,M3,2022,3,28
10.75190909090909,10.838454545454542,M4,2022,3,28
10.307809523809524,10.515190476190474,M5,2022,3,28
8.650249999999998,9.527375,M2,2022,4,28
11.095708333333329,12.104666666666665,M3,2022,4,28
10.432541666666665,10.938958333333334,M4,2022,4,28
9.714291666666666,11.261625000000002,M5,2022,4,28
12.255333333333335,12.32175,M6,2022,4,28
11.471136363636363,11.622727272727273,M2,2022,5,28
13.49959090909091,14.183863636363638,M3,2022,5,28
11.462272727272723,12.205499999999999,M4,2022,5,28
12.465217391304348,13.760130434782607,M5,2022,5,28
12.847434782608696,12.886347826086958,M6,2022,5,28
13.136375000000001,12.059416666666666,M2,2022,6,28
13.984833333333329,14.009291666666664,M3,2022,6,28
12.996,13.051166666666665,M4,2022,6,28
14.908458333333337,15.002333333333334,M5,2022,6,28
12.159999999999998,13.026083333333334,M6,2022,6,28
14.83363636363636,15.755090909090905,M2,2022,7,28
15.514954545454545,16.12627272727273,M3,2022,7,28
15.24413636363636,15.046818181818184,M4,2022,7,28
15.989954545454545,16.93509090909091,M5,2022,7,28
14.75368181818182,15.049045454545452,M6,2022,7,28
15.62818181818182,16.050136363636366,M2,2022,8,28
17.35008695652174,17.194086956521737,M3,2022,8,28
15.541304347826086,15.075434782608694,M4,2022,8,28
17.254521739130436,17.813347826086957,M5,2022,8,28
16.16752173913044,15.774347826086954,M6,2022,8,28
12.446625,14.605125000000001,M2,2022,9,28
14.47095833333333,16.09854166666667,M3,2022,9,28
12.513833333333332,14.507583333333331,M4,2022,9,28
12.857624999999999,15.696791666666668,M5,2022,9,28
14.190291666666662,15.245083333333334,M6,2022,9,28
14.880181818181818,14.970181818181816,M2,2022,10,28
14.704818181818185,14.509454545454549,M3,2022,10,28
13.606272727272726,13.432363636363636,M4,2022,10,28
14.800272727272727,14.450318181818181,M5,2022,10,28
12.727272727272727,14.61990909090909,M6,2022,10,28
10.42508695652174,13.642565217391303,M2,2022,11,28
11.683956521739132,12.420173913043481,M3,2022,11,28
10.208391304347824,11.555608695652174,M4,2022,11,28
11.206260869565217,12.848608695652171,M5,2022,11,28
11.605434782608697,12.370478260869563,M6,2022,11,28
10.461578947368418,11.593789473684208,M2,2022,12,28
11.39178947368421,11.726842105263158,M3,2022,12,28
7.971210526315788,11.022473684210526,M4,2022,12,28
11.047578947368422,11.18921052631579,M5,2022,12,28
8.192421052631579,11.761368421052632,M6,2022,12,28
11.09591304347826,11.375086956521738,M3,2022,1,29
9.898478260869563,10.754695652173913,M4,2022,1,29
10.223391304347826,9.985478260869565,M5,2022,1,29
8.945304347826086,9.224391304347824,M2,2022,3,29
11.586304347826088,11.594000000000001,M3,2022,3,29
9.847739130434784,10.803086956521739,M4,2022,3,29
8.743695652173914,10.42869565217391,M5,2022,3,29
9.016541666666667,9.701958333333334,M2,2022,4,29
11.209708333333332,12.361416666666669,M3,2022,4,29
10.546541666666664,11.072999999999999,M4,2022,4,29
9.846625,11.50741666666667,M5,2022,4,29
12.314333333333336,12.269291666666662,M6,2022,4,29
10.80282608695652,11.507782608695651,M2,2022,5,29
13.746708333333329,14.624666666666664,M3,2022,5,29
10.743874999999997,12.157708333333332,M4,2022,5,29
11.881041666666667,13.811874999999999,M5,2022,5,29
12.328624999999997,12.974541666666665,M6,2022,5,29
12.855826086956526,12.400782608695655,M2,2022,6,29
13.069333333333335,13.962208333333331,M3,2022,6,29
12.814958333333335,13.39475,M4,2022,6,29
14.147541666666667,15.107708333333333,M5,2022,6,29
11.990833333333335,12.99433333333333,M6,2022,6,29
15.603636363636367,15.710863636363634,M2,2022,7,29
16.174136363636368,16.196818181818184,M3,2022,7,29
15.528608695652178,15.002695652173914,M4,2022,7,29
17.687695652173918,17.852217391304347,M5,2022,7,29
15.643173913043478,15.167478260869567,M6,2022,7,29
16.01913043478261,15.360565217391304,M2,2022,8,29
17.98913043478261,17.345782608695654,M3,2022,8,29
16.008434782608703,15.225913043478258,M4,2022,8,29
17.93375,17.970500000000005,M5,2022,8,29
16.46079166666667,15.984124999999999,M6,2022,8,29
14.063739130434783,14.757826086956522,M2,2022,9,29
14.598739130434785,15.972260869565218,M3,2022,9,29
12.932260869565217,14.586086956521738,M4,2022,9,29
13.463043478260868,15.69708695652174,M5,2022,9,29
14.488391304347827,15.26321739130435,M6,2022,9,29
14.965799999999998,14.95965,M2,2022,10,29
14.323749999999995,14.5649,M3,2022,10,29
13.522900000000002,13.583100000000002,M4,2022,10,29
14.887599999999997,14.44205,M5,2022,10,29
12.622000000000003,14.624650000000003,M6,2022,10,29
10.336909090909094,13.601818181818185,M2,2022,11,29
11.87277272727273,12.402181818181818,M3,2022,11,29
9.7575,11.592272727272729,M4,2022,11,29
11.089181818181817,12.812090909090909,M5,2022,11,29
12.398818181818182,12.32209090909091,M6,2022,11,29
8.792875,11.460499999999998,M2,2022,12,29
11.289,11.753874999999999,M3,2022,12,29
7.8100000000000005,11.017875,M4,2022,12,29
10.209444444444443,11.101666666666667,M5,2022,12,29
9.76988888888889,11.671666666666667,M6,2022,12,29
10.6886,11.379100000000001,M3,2022,1,30
9.27235,10.721,M4,2022,1,30
8.962250000000001,9.9799,M5,2022,1,30
7.242458333333334,9.1,M2,2022,3,30
10.639999999999999,11.577833333333336,M3,2022,3,30
7.626916666666666,10.466874999999998,M4,2022,3,30
8.497625000000001,10.376666666666667,M5,2022,3,30
9.490458333333335,9.6495,M2,2022,4,30
11.771166666666666,12.557500000000003,M3,2022,4,30
10.988041666666668,10.920916666666665,M4,2022,4,30
10.922875,11.720875,M5,2022,4,30
12.442625000000005,12.317499999999997,M6,2022,4,30
10.314727272727271,11.1775,M2,2022,5,30
12.769499999999999,14.487545454545456,M3,2022,5,30
10.731909090909092,12.13522727272727,M4,2022,5,30
11.912727272727272,13.680227272727274,M5,2022,5,30
11.577636363636364,12.922318181818182,M6,2022,5,30
12.941166666666668,12.608125,M2,2022,6,30
13.425333333333333,14.061333333333337,M3,2022,6,30
12.532208333333337,13.2265,M4,2022,6,30
14.149541666666666,15.315624999999995,M5,2022,6,30
12.188333333333334,13.139125,M6,2022,6,30
15.832041666666667,15.494958333333331,M2,2022,7,30
16.727375000000002,16.193125,M3,2022,7,30
14.003041666666666,15.072083333333332,M4,2022,7,30
17.679416666666665,17.466916666666666,M5,2022,7,30
14.64608333333333,15.149625,M6,2022,7,30
15.333173913043481,14.649869565217388,M2,2022,8,30
17.46583333333334,17.3145,M3,2022,8,30
16.171916666666664,15.408291666666665,M4,2022,8,30
16.751749999999994,17.804624999999998,M5,2022,8,30
16.562541666666664,15.971708333333332,M6,2022,8,30
14.762681818181816,14.826818181818181,M2,2022,9,30
16.202954545454546,15.877272727272727,M3,2022,9,30
14.090090909090907,14.221227272727274,M4,2022,9,30
15.381818181818186,15.314727272727277,M5,2022,9,30
15.366227272727274,15.260909090909092,M6,2022,9,30
14.651636363636367,14.964636363636362,M2,2022,10,30
14.269818181818183,14.497000000000002,M3,2022,10,30
13.493045454545456,13.607227272727272,M4,2022,10,30
14.536136363636361,14.397454545454542,M5,2022,10,30
13.466454545454543,14.660181818181819,M6,2022,10,30
11.608727272727274,13.55422727272727,M2,2022,11,30
12.391954545454547,12.611454545454542,M3,2022,11,30
11.333499999999999,11.64313636363636,M4,2022,11,30
12.25236363636364,12.780000000000001,M5,2022,11,30
12.38981818181818,12.465590909090908,M6,2022,11,30
10.698681818181818,11.418454545454548,M2,2022,12,30
11.244499999999999,11.838681818181817,M3,2022,12,30
8.749954545454546,10.971454545454547,M4,2022,12,30
11.064772727272727,11.054045454545458,M5,2022,12,30
7.720045454545457,11.687363636363637,M6,2022,12,30
10.47995238095238,11.342523809523808,M3,2022,1,31
9.454428571428574,10.691809523809521,M4,2022,1,31
9.203285714285716,9.946809523809526,M5,2022,1,31
5.387041666666668,9.068916666666668,M2,2022,3,31
7.283125000000001,11.293208333333332,M3,2022,3,31
6.5852916666666665,10.339166666666666,M4,2022,3,31
6.310583333333333,10.039041666666668,M5,2022,3,31
10.790347826086956,11.05004347826087,M2,2022,5,31
12.57475,14.162333333333331,M3,2022,5,31
10.835333333333333,12.12058333333333,M4,2022,5,31
12.104958333333334,13.804458333333331,M5,2022,5,31
12.009333333333332,13.084041666666664,M6,2022,5,31
14.992904761904764,15.494047619047622,M2,2022,7,31
15.936952380952375,16.37319047619048,M3,2022,7,31
14.371818181818183,15.45504545454545,M4,2022,7,31
16.81772727272727,16.969454545454543,M5,2022,7,31
15.053272727272729,15.41659090909091,M6,2022,7,31
15.07318181818182,14.468818181818182,M2,2022,8,31
16.74668181818182,16.641000000000002,M3,2022,8,31
15.891608695652174,15.723391304347825,M4,2022,8,31
16.560391304347828,17.281217391304345,M5,2022,8,31
16.439304347826088,16.15478260869565,M6,2022,8,31
14.98838095238095,14.965285714285715,M2,2022,10,31
12.911904761904758,14.41980952380952,M3,2022,10,31
12.460952380952383,13.576809523809525,M4,2022,10,31
14.346619047619047,14.359285714285713,M5,2022,10,31
12.158809523809524,14.590761904761901,M6,2022,10,31
10.103333333333333,11.384,M2,2022,12,31
10.705476190476189,11.857809523809523,M3,2022,12,31
7.39447619047619,10.935523809523808,M4,2022,12,31
10.819285714285714,11.012666666666664,M5,2022,12,31
7.801428571428571,11.624904761904762,M6,2022,12,31
