"temperature","feels_like","humidity","time","location","outside_temperature","outside_feels_like","outside_humidity"
16.0,15.4,67.0,"2023-01-06 00:00:00",MR,9.0,7.6,79.0
15.0,14.33,68.0,"2023-01-06 00:00:00",KR,9.0,7.6,79.0
16.0,15.95,88.0,"2023-01-06 00:00:00",FR,9.0,7.6,79.0
16.0,15.4,67.0,"2023-01-06 00:05:00",MR,9.0,6.4,79.0
15.0,14.33,68.0,"2023-01-06 00:05:00",KR,9.0,6.4,79.0
16.0,15.95,88.0,"2023-01-06 00:05:00",FR,9.0,6.4,79.0
16.0,15.4,67.0,"2023-01-06 00:10:00",MR,9.0,6.7,78.0
15.0,14.33,68.0,"2023-01-06 00:10:00",KR,9.0,6.7,78.0
16.0,15.95,88.0,"2023-01-06 00:10:00",FR,9.0,6.7,78.0
16.0,15.4,67.0,"2023-01-06 00:15:00",MR,9.0,7.5,78.0
15.0,14.36,69.0,"2023-01-06 00:15:00",KR,9.0,7.5,78.0
16.0,15.98,89.0,"2023-01-06 00:15:00",FR,9.0,7.5,78.0
16.0,15.4,67.0,"2023-01-06 00:20:00",MR,8.9,6.8,79.0
15.0,14.36,69.0,"2023-01-06 00:20:00",KR,8.9,6.8,79.0
16.0,15.98,89.0,"2023-01-06 00:20:00",FR,8.9,6.8,79.0
16.0,15.4,67.0,"2023-01-06 00:25:00",MR,8.8,6.6,78.0
15.0,14.36,69.0,"2023-01-06 00:25:00",KR,8.8,6.6,78.0
16.0,15.98,89.0,"2023-01-06 00:25:00",FR,8.8,6.6,78.0
16.0,15.4,67.0,"2023-01-06 00:30:00",MR,8.7,5.7,77.0
15.0,14.36,69.0,"2023-01-06 00:30:00",KR,8.7,5.7,77.0
16.0,15.98,89.0,"2023-01-06 00:30:00",FR,8.7,5.7,77.0
16.0,15.4,67.0,"2023-01-06 00:35:00",MR,8.7,5.7,76.0
15.0,14.36,69.0,"2023-01-06 00:35:00",KR,8.7,5.7,76.0
16.0,15.98,89.0,"2023-01-06 00:35:00",FR,8.7,5.7,76.0
16.0,15.4,67.0,"2023-01-06 00:40:00",MR,8.7,6.2,77.0
15.0,14.36,69.0,"2023-01-06 00:40:00",KR,8.7,6.2,77.0
16.0,15.95,88.0,"2023-01-06 00:40:00",FR,8.7,6.2,77.0
16.0,15.4,67.0,"2023-01-06 00:45:00",MR,8.6,6.5,77.0
15.0,14.36,69.0,"2023-01-06 00:45:00",KR,8.6,6.5,77.0
16.0,15.98,89.0,"2023-01-06 00:45:00",FR,8.6,6.5,77.0
16.0,15.4,67.0,"2023-01-06 00:50:00",MR,8.6,6.3,76.0
15.0,14.36,69.0,"2023-01-06 00:50:00",KR,8.6,6.3,76.0
16.0,15.95,88.0,"2023-01-06 00:50:00",FR,8.6,6.3,76.0
16.0,15.4,67.0,"2023-01-06 00:55:00",MR,8.6,6.5,78.0
15.0,14.36,69.0,"2023-01-06 00:55:00",KR,8.6,6.5,78.0
16.0,15.98,89.0,"2023-01-06 00:55:00",FR,8.6,6.5,78.0
16.0,15.4,67.0,"2023-01-06 01:00:00",MR,8.6,6.4,78.0
15.0,14.36,69.0,"2023-01-06 01:00:00",KR,8.6,6.4,78.0
16.0,15.98,89.0,"2023-01-06 01:00:00",FR,8.6,6.4,78.0
16.0,15.4,67.0,"2023-01-06 01:05:00",MR,8.7,7.1,78.0
15.0,14.36,69.0,"2023-01-06 01:05:00",KR,8.7,7.1,78.0
16.0,15.98,89.0,"2023-01-06 01:05:00",FR,8.7,7.1,78.0
16.0,15.4,67.0,"2023-01-06 01:10:00",MR,8.7,6.8,79.0
15.0,14.36,69.0,"2023-01-06 01:10:00",KR,8.7,6.8,79.0
16.0,15.98,89.0,"2023-01-06 01:10:00",FR,8.7,6.8,79.0
16.0,15.4,67.0,"2023-01-06 01:15:00",MR,8.7,6.8,78.0
15.0,14.36,69.0,"2023-01-06 01:15:00",KR,8.7,6.8,78.0
16.0,15.98,89.0,"2023-01-06 01:15:00",FR,8.7,6.8,78.0
16.0,15.4,67.0,"2023-01-06 01:25:00",MR,8.7,6.9,78.0
15.0,14.36,69.0,"2023-01-06 01:25:00",KR,8.7,6.9,78.0
16.0,15.98,89.0,"2023-01-06 01:25:00",FR,8.7,6.9,78.0
16.0,15.4,67.0,"2023-01-06 01:30:00",MR,8.7,6.6,78.0
15.0,14.38,70.0,"2023-01-06 01:30:00",KR,8.7,6.6,78.0
16.0,16.01,90.0,"2023-01-06 01:30:00",FR,8.7,6.6,78.0
16.0,15.4,67.0,"2023-01-06 01:35:00",MR,8.6,7.4,79.0
15.0,14.38,70.0,"2023-01-06 01:35:00",KR,8.6,7.4,79.0
16.0,16.01,90.0,"2023-01-06 01:35:00",FR,8.6,7.4,79.0
16.0,15.4,67.0,"2023-01-06 01:40:00",MR,8.6,6.3,79.0
15.0,14.36,69.0,"2023-01-06 01:40:00",KR,8.6,6.3,79.0
16.0,16.01,90.0,"2023-01-06 01:40:00",FR,8.6,6.3,79.0
16.0,15.4,67.0,"2023-01-06 01:45:00",MR,8.6,6.5,79.0
15.0,14.36,69.0,"2023-01-06 01:45:00",KR,8.6,6.5,79.0
16.0,16.01,90.0,"2023-01-06 01:45:00",FR,8.6,6.5,79.0
16.0,15.4,67.0,"2023-01-06 01:50:00",MR,8.6,6.7,80.0
15.0,14.38,70.0,"2023-01-06 01:50:00",KR,8.6,6.7,80.0
16.0,15.98,89.0,"2023-01-06 01:50:00",FR,8.6,6.7,80.0
16.0,15.4,67.0,"2023-01-06 01:55:00",MR,8.6,6.2,79.0
15.0,14.36,69.0,"2023-01-06 01:55:00",KR,8.6,6.2,79.0
16.0,16.01,90.0,"2023-01-06 01:55:00",FR,8.6,6.2,79.0
16.0,15.4,67.0,"2023-01-06 02:00:00",MR,8.5,6.0,79.0
15.0,14.36,69.0,"2023-01-06 02:00:00",KR,8.5,6.0,79.0
16.0,16.01,90.0,"2023-01-06 02:00:00",FR,8.5,6.0,79.0
16.0,15.4,67.0,"2023-01-06 02:05:00",MR,8.5,6.1,80.0
15.0,14.36,69.0,"2023-01-06 02:05:00",KR,8.5,6.1,80.0
16.0,16.01,90.0,"2023-01-06 02:05:00",FR,8.5,6.1,80.0
16.0,15.4,67.0,"2023-01-06 02:10:00",MR,8.5,6.6,79.0
15.0,14.36,69.0,"2023-01-06 02:10:00",KR,8.5,6.6,79.0
16.0,16.01,90.0,"2023-01-06 02:10:00",FR,8.5,6.6,79.0
16.0,15.4,67.0,"2023-01-06 02:15:00",MR,8.5,6.5,79.0
15.0,14.36,69.0,"2023-01-06 02:15:00",KR,8.5,6.5,79.0
16.0,16.01,90.0,"2023-01-06 02:15:00",FR,8.5,6.5,79.0
16.0,15.4,67.0,"2023-01-06 02:20:00",MR,8.5,6.6,79.0
15.0,14.36,69.0,"2023-01-06 02:20:00",KR,8.5,6.6,79.0
16.0,16.01,90.0,"2023-01-06 02:20:00",FR,8.5,6.6,79.0
16.0,15.4,67.0,"2023-01-06 02:25:00",MR,8.5,6.4,79.0
15.0,14.36,69.0,"2023-01-06 02:25:00",KR,8.5,6.4,79.0
16.0,16.01,90.0,"2023-01-06 02:25:00",FR,8.5,6.4,79.0
16.0,15.4,67.0,"2023-01-06 02:30:00",MR,8.6,7.3,79.0
15.0,14.36,69.0,"2023-01-06 02:30:00",KR,8.6,7.3,79.0
16.0,16.01,90.0,"2023-01-06 02:30:00",FR,8.6,7.3,79.0
16.0,15.43,68.0,"2023-01-06 02:35:00",MR,8.7,6.6,80.0
15.0,14.36,69.0,"2023-01-06 02:35:00",KR,8.7,6.6,80.0
16.0,16.01,90.0,"2023-01-06 02:35:00",FR,8.7,6.6,80.0
16.0,15.43,68.0,"2023-01-06 02:40:00",MR,8.7,7.4,80.0
15.0,14.36,69.0,"2023-01-06 02:40:00",KR,8.7,7.4,80.0
16.0,16.01,90.0,"2023-01-06 02:40:00",FR,8.7,7.4,80.0
16.0,15.43,68.0,"2023-01-06 02:45:00",MR,8.7,7.2,81.0
15.0,14.36,69.0,"2023-01-06 02:45:00",KR,8.7,7.2,81.0
16.0,16.01,90.0,"2023-01-06 02:45:00",FR,8.7,7.2,81.0
16.0,15.43,68.0,"2023-01-06 02:50:00",MR,8.6,6.2,81.0
15.0,14.38,70.0,"2023-01-06 02:50:00",KR,8.6,6.2,81.0
16.0,16.01,90.0,"2023-01-06 02:50:00",FR,8.6,6.2,81.0
16.0,15.43,68.0,"2023-01-06 02:55:00",MR,8.6,7.2,80.0
15.0,14.36,69.0,"2023-01-06 02:55:00",KR,8.6,7.2,80.0
16.0,16.01,90.0,"2023-01-06 02:55:00",FR,8.6,7.2,80.0
16.0,15.43,68.0,"2023-01-06 03:00:00",MR,8.6,7.1,80.0
15.0,14.36,69.0,"2023-01-06 03:00:00",KR,8.6,7.1,80.0
16.0,16.03,91.0,"2023-01-06 03:00:00",FR,8.6,7.1,80.0
16.0,15.43,68.0,"2023-01-06 03:05:00",MR,8.7,7.8,80.0
15.0,14.36,69.0,"2023-01-06 03:05:00",KR,8.7,7.8,80.0
16.0,16.03,91.0,"2023-01-06 03:05:00",FR,8.7,7.8,80.0
16.0,15.43,68.0,"2023-01-06 03:10:00",MR,8.4,7.4,81.0
15.0,14.36,69.0,"2023-01-06 03:10:00",KR,8.4,7.4,81.0
16.0,16.03,91.0,"2023-01-06 03:10:00",FR,8.4,7.4,81.0
16.0,15.46,69.0,"2023-01-06 03:15:00",MR,8.1,8.1,81.0
15.0,14.36,69.0,"2023-01-06 03:15:00",KR,8.1,8.1,81.0
16.0,16.03,91.0,"2023-01-06 03:15:00",FR,8.1,8.1,81.0
16.0,15.46,69.0,"2023-01-06 03:20:00",MR,8.0,6.5,82.0
15.0,14.36,69.0,"2023-01-06 03:20:00",KR,8.0,6.5,82.0
16.0,16.03,91.0,"2023-01-06 03:20:00",FR,8.0,6.5,82.0
16.0,15.43,68.0,"2023-01-06 03:25:00",MR,7.8,7.8,83.0
15.0,14.36,69.0,"2023-01-06 03:25:00",KR,7.8,7.8,83.0
16.0,16.03,91.0,"2023-01-06 03:25:00",FR,7.8,7.8,83.0
15.0,14.33,68.0,"2023-01-06 03:30:00",MR,7.7,6.8,84.0
15.0,14.38,70.0,"2023-01-06 03:30:00",KR,7.7,6.8,84.0
16.0,16.03,91.0,"2023-01-06 03:30:00",FR,7.7,6.8,84.0
15.0,14.33,68.0,"2023-01-06 03:35:00",MR,7.6,6.7,85.0
15.0,14.38,70.0,"2023-01-06 03:35:00",KR,7.6,6.7,85.0
16.0,16.03,91.0,"2023-01-06 03:35:00",FR,7.6,6.7,85.0
15.0,14.33,68.0,"2023-01-06 03:40:00",MR,7.6,5.9,86.0
15.0,14.38,70.0,"2023-01-06 03:40:00",KR,7.6,5.9,86.0
16.0,16.03,91.0,"2023-01-06 03:40:00",FR,7.6,5.9,86.0
15.0,14.33,68.0,"2023-01-06 03:45:00",MR,7.7,7.7,87.0
15.0,14.38,70.0,"2023-01-06 03:45:00",KR,7.7,7.7,87.0
16.0,16.03,91.0,"2023-01-06 03:45:00",FR,7.7,7.7,87.0
15.0,14.33,68.0,"2023-01-06 03:50:00",MR,7.7,6.6,88.0
15.0,14.38,70.0,"2023-01-06 03:50:00",KR,7.7,6.6,88.0
16.0,16.03,91.0,"2023-01-06 03:50:00",FR,7.7,6.6,88.0
15.0,14.33,68.0,"2023-01-06 03:55:00",MR,7.6,7.6,88.0
15.0,14.38,70.0,"2023-01-06 03:55:00",KR,7.6,7.6,88.0
16.0,16.03,91.0,"2023-01-06 03:55:00",FR,7.6,7.6,88.0
15.0,14.33,68.0,"2023-01-06 04:00:00",MR,7.6,6.6,89.0
15.0,14.38,70.0,"2023-01-06 04:00:00",KR,7.6,6.6,89.0
16.0,16.03,91.0,"2023-01-06 04:00:00",FR,7.6,6.6,89.0
15.0,14.33,68.0,"2023-01-06 04:05:00",MR,7.5,6.5,89.0
15.0,14.38,70.0,"2023-01-06 04:05:00",KR,7.5,6.5,89.0
16.0,16.03,91.0,"2023-01-06 04:05:00",FR,7.5,6.5,89.0
15.0,14.33,68.0,"2023-01-06 04:10:00",MR,7.5,6.3,89.0
15.0,14.38,70.0,"2023-01-06 04:10:00",KR,7.5,6.3,89.0
16.0,16.03,91.0,"2023-01-06 04:10:00",FR,7.5,6.3,89.0
15.0,14.33,68.0,"2023-01-06 04:15:00",MR,7.5,6.9,90.0
15.0,14.38,70.0,"2023-01-06 04:15:00",KR,7.5,6.9,90.0
16.0,16.03,91.0,"2023-01-06 04:15:00",FR,7.5,6.9,90.0
15.0,14.33,68.0,"2023-01-06 04:20:00",MR,7.4,6.6,90.0
15.0,14.38,70.0,"2023-01-06 04:20:00",KR,7.4,6.6,90.0
16.0,16.06,92.0,"2023-01-06 04:20:00",FR,7.4,6.6,90.0
15.0,14.33,68.0,"2023-01-06 04:25:00",MR,7.3,6.6,90.0
15.0,14.36,69.0,"2023-01-06 04:25:00",KR,7.3,6.6,90.0
16.0,16.06,92.0,"2023-01-06 04:25:00",FR,7.3,6.6,90.0
15.0,14.33,68.0,"2023-01-06 04:30:00",MR,7.2,6.0,90.0
15.0,14.38,70.0,"2023-01-06 04:30:00",KR,7.2,6.0,90.0
16.0,16.06,92.0,"2023-01-06 04:30:00",FR,7.2,6.0,90.0
15.0,14.33,68.0,"2023-01-06 04:35:00",MR,7.0,6.2,90.0
15.0,14.36,69.0,"2023-01-06 04:35:00",KR,7.0,6.2,90.0
16.0,16.06,92.0,"2023-01-06 04:35:00",FR,7.0,6.2,90.0
15.0,14.33,68.0,"2023-01-06 04:40:00",MR,7.0,5.8,90.0
15.0,14.36,69.0,"2023-01-06 04:40:00",KR,7.0,5.8,90.0
16.0,16.03,91.0,"2023-01-06 04:40:00",FR,7.0,5.8,90.0
15.0,14.33,68.0,"2023-01-06 04:45:00",MR,6.9,5.7,91.0
15.0,14.38,70.0,"2023-01-06 04:45:00",KR,6.9,5.7,91.0
16.0,16.06,92.0,"2023-01-06 04:45:00",FR,6.9,5.7,91.0
15.0,14.33,68.0,"2023-01-06 04:50:00",MR,6.9,6.9,91.0
15.0,14.36,69.0,"2023-01-06 04:50:00",KR,6.9,6.9,91.0
16.0,16.06,92.0,"2023-01-06 04:50:00",FR,6.9,6.9,91.0
15.0,14.36,69.0,"2023-01-06 04:55:00",MR,7.0,7.0,91.0
15.0,14.36,69.0,"2023-01-06 04:55:00",KR,7.0,7.0,91.0
16.0,16.06,92.0,"2023-01-06 04:55:00",FR,7.0,7.0,91.0
15.0,14.33,68.0,"2023-01-06 11:40:00",MR,8.8,8.1,85.0
14.0,13.18,66.0,"2023-01-06 11:40:00",KR,8.8,8.1,85.0
16.0,16.01,90.0,"2023-01-06 11:40:00",FR,8.8,8.1,85.0
15.0,14.33,68.0,"2023-01-06 11:45:00",MR,8.8,7.7,85.0
14.0,13.18,66.0,"2023-01-06 11:45:00",KR,8.8,7.7,85.0
16.0,16.03,91.0,"2023-01-06 11:45:00",FR,8.8,7.7,85.0
15.0,14.33,68.0,"2023-01-06 11:50:00",MR,8.7,8.7,86.0
14.0,13.18,66.0,"2023-01-06 11:50:00",KR,8.7,8.7,86.0
16.0,16.03,91.0,"2023-01-06 11:50:00",FR,8.7,8.7,86.0
15.0,14.36,69.0,"2023-01-06 11:55:00",MR,8.7,7.9,86.0
14.0,13.18,66.0,"2023-01-06 11:55:00",KR,8.7,7.9,86.0
16.0,16.03,91.0,"2023-01-06 11:55:00",FR,8.7,7.9,86.0
15.0,14.36,69.0,"2023-01-06 12:00:00",MR,8.6,8.6,86.0
14.0,13.18,66.0,"2023-01-06 12:00:00",KR,8.6,8.6,86.0
16.0,16.01,90.0,"2023-01-06 12:00:00",FR,8.6,8.6,86.0
15.0,14.33,68.0,"2023-01-06 12:05:00",MR,8.7,8.2,86.0
14.0,13.18,66.0,"2023-01-06 12:05:00",KR,8.7,8.2,86.0
16.0,16.01,90.0,"2023-01-06 12:05:00",FR,8.7,8.2,86.0
15.0,14.33,68.0,"2023-01-06 12:10:00",MR,8.8,8.4,86.0
14.0,13.18,66.0,"2023-01-06 12:10:00",KR,8.8,8.4,86.0
16.0,16.01,90.0,"2023-01-06 12:10:00",FR,8.8,8.4,86.0
15.0,14.33,68.0,"2023-01-06 12:15:00",MR,8.9,7.5,86.0
14.0,13.18,66.0,"2023-01-06 12:15:00",KR,8.9,7.5,86.0
16.0,16.01,90.0,"2023-01-06 12:15:00",FR,8.9,7.5,86.0
15.0,14.33,68.0,"2023-01-06 12:20:00",MR,9.0,8.1,86.0
14.0,13.18,66.0,"2023-01-06 12:20:00",KR,9.0,8.1,86.0
16.0,16.01,90.0,"2023-01-06 12:20:00",FR,9.0,8.1,86.0
15.0,14.36,69.0,"2023-01-06 12:25:00",MR,9.1,7.7,86.0
14.0,13.18,66.0,"2023-01-06 12:25:00",KR,9.1,7.7,86.0
16.0,15.98,89.0,"2023-01-06 12:25:00",FR,9.1,7.7,86.0
15.0,14.33,68.0,"2023-01-06 12:30:00",MR,9.2,8.4,86.0
14.0,13.18,66.0,"2023-01-06 12:30:00",KR,9.2,8.4,86.0
16.0,16.01,90.0,"2023-01-06 12:30:00",FR,9.2,8.4,86.0
15.0,14.36,69.0,"2023-01-06 12:35:00",MR,9.2,7.6,86.0
14.0,13.18,66.0,"2023-01-06 12:35:00",KR,9.2,7.6,86.0
16.0,16.01,90.0,"2023-01-06 12:35:00",FR,9.2,7.6,86.0
15.0,14.36,69.0,"2023-01-06 12:40:00",MR,9.3,7.7,86.0
14.0,13.18,66.0,"2023-01-06 12:40:00",KR,9.3,7.7,86.0
16.0,16.01,90.0,"2023-01-06 12:40:00",FR,9.3,7.7,86.0
15.0,14.36,69.0,"2023-01-06 12:45:00",MR,9.4,8.0,86.0
14.0,13.18,66.0,"2023-01-06 12:45:00",KR,9.4,8.0,86.0
16.0,16.01,90.0,"2023-01-06 12:45:00",FR,9.4,8.0,86.0
15.0,14.36,69.0,"2023-01-06 12:50:00",MR,9.4,8.0,86.0
14.0,13.18,66.0,"2023-01-06 12:50:00",KR,9.4,8.0,86.0
16.0,15.98,89.0,"2023-01-06 12:50:00",FR,9.4,8.0,86.0
15.0,14.36,69.0,"2023-01-06 12:55:00",MR,9.4,7.9,86.0
14.0,13.18,66.0,"2023-01-06 12:55:00",KR,9.4,7.9,86.0
16.0,16.01,90.0,"2023-01-06 12:55:00",FR,9.4,7.9,86.0
15.0,14.33,68.0,"2023-01-06 13:00:00",MR,9.3,9.3,86.0
14.0,13.18,66.0,"2023-01-06 13:00:00",KR,9.3,9.3,86.0
16.0,16.01,90.0,"2023-01-06 13:00:00",FR,9.3,9.3,86.0
15.0,14.33,68.0,"2023-01-06 13:05:00",MR,9.3,8.4,86.0
14.0,13.18,66.0,"2023-01-06 13:05:00",KR,9.3,8.4,86.0
16.0,16.01,90.0,"2023-01-06 13:05:00",FR,9.3,8.4,86.0
15.0,14.33,68.0,"2023-01-06 13:10:00",MR,9.4,8.6,86.0
14.0,13.18,66.0,"2023-01-06 13:10:00",KR,9.4,8.6,86.0
16.0,16.01,90.0,"2023-01-06 13:10:00",FR,9.4,8.6,86.0
15.0,14.36,69.0,"2023-01-06 13:15:00",MR,9.4,9.4,86.0
14.0,13.18,66.0,"2023-01-06 13:15:00",KR,9.4,9.4,86.0
16.0,15.98,89.0,"2023-01-06 13:15:00",FR,9.4,9.4,86.0
15.0,14.36,69.0,"2023-01-06 13:20:00",MR,9.6,9.3,85.0
14.0,13.18,66.0,"2023-01-06 13:20:00",KR,9.6,9.3,85.0
16.0,15.98,89.0,"2023-01-06 13:20:00",FR,9.6,9.3,85.0
15.0,14.36,69.0,"2023-01-06 13:25:00",MR,9.6,9.6,85.0
14.0,13.18,66.0,"2023-01-06 13:25:00",KR,9.6,9.6,85.0
16.0,16.01,90.0,"2023-01-06 13:25:00",FR,9.6,9.6,85.0
15.0,14.36,69.0,"2023-01-06 13:30:00",MR,9.6,9.6,85.0
14.0,13.18,66.0,"2023-01-06 13:30:00",KR,9.6,9.6,85.0
16.0,15.98,89.0,"2023-01-06 13:30:00",FR,9.6,9.6,85.0
15.0,14.36,69.0,"2023-01-06 13:35:00",MR,9.7,8.3,85.0
14.0,13.18,66.0,"2023-01-06 13:35:00",KR,9.7,8.3,85.0
16.0,16.01,90.0,"2023-01-06 13:35:00",FR,9.7,8.3,85.0
15.0,14.36,69.0,"2023-01-06 13:40:00",MR,9.7,9.7,85.0
14.0,13.18,66.0,"2023-01-06 13:40:00",KR,9.7,9.7,85.0
16.0,16.01,90.0,"2023-01-06 13:40:00",FR,9.7,9.7,85.0
15.0,14.36,69.0,"2023-01-06 13:45:00",MR,9.7,8.5,85.0
14.0,13.2,67.0,"2023-01-06 13:45:00",KR,9.7,8.5,85.0
16.0,16.01,90.0,"2023-01-06 13:45:00",FR,9.7,8.5,85.0
15.0,14.36,69.0,"2023-01-06 13:50:00",MR,9.8,9.0,85.0
14.0,13.2,67.0,"2023-01-06 13:50:00",KR,9.8,9.0,85.0
16.0,16.01,90.0,"2023-01-06 13:50:00",FR,9.8,9.0,85.0
15.0,14.36,69.0,"2023-01-06 13:55:00",MR,9.8,8.6,85.0
14.0,13.2,67.0,"2023-01-06 13:55:00",KR,9.8,8.6,85.0
16.0,16.01,90.0,"2023-01-06 13:55:00",FR,9.8,8.6,85.0
15.0,14.33,68.0,"2023-01-06 14:00:00",MR,9.9,8.7,84.0
14.0,13.2,67.0,"2023-01-06 14:00:00",KR,9.9,8.7,84.0
16.0,15.98,89.0,"2023-01-06 14:00:00",FR,9.9,8.7,84.0
15.0,14.36,69.0,"2023-01-06 14:05:00",MR,10.0,10.0,84.0
14.0,13.2,67.0,"2023-01-06 14:05:00",KR,10.0,10.0,84.0
16.0,15.98,89.0,"2023-01-06 14:05:00",FR,10.0,10.0,84.0
17.0,16.74,76.0,"2023-01-25 00:00:00",MR,9.0,9.0,97.0
18.0,17.87,77.0,"2023-01-25 00:05:00",MR,9.0,9.0,97.0
17.0,16.74,76.0,"2023-01-25 00:10:00",MR,9.0,8.6,97.0
17.0,16.71,75.0,"2023-01-25 00:15:00",MR,9.0,9.0,97.0
17.0,16.71,75.0,"2023-01-25 00:20:00",MR,9.0,9.0,97.0
17.0,16.71,75.0,"2023-01-25 00:25:00",MR,9.0,9.0,97.0
17.0,16.71,75.0,"2023-01-25 00:30:00",MR,9.0,9.0,97.0
17.0,16.71,75.0,"2023-01-25 00:35:00",MR,8.9,8.9,97.0
17.0,16.71,75.0,"2023-01-25 00:40:00",MR,8.9,8.9,97.0
17.0,16.71,75.0,"2023-01-25 00:45:00",MR,8.9,8.9,97.0
17.0,16.71,75.0,"2023-01-25 00:50:00",MR,8.9,8.9,97.0
17.0,16.71,75.0,"2023-01-25 00:55:00",MR,8.9,8.9,97.0
18.0,17.84,76.0,"2023-01-25 01:00:00",MR,8.9,8.9,97.0
18.0,17.84,76.0,"2023-01-25 01:05:00",MR,9.0,9.0,97.0
18.0,17.81,75.0,"2023-01-25 01:10:00",MR,9.1,9.1,97.0
18.0,17.81,75.0,"2023-01-25 01:15:00",MR,9.1,9.1,97.0
18.0,17.81,75.0,"2023-01-25 01:20:00",MR,9.1,9.1,97.0
18.0,17.81,75.0,"2023-01-25 01:25:00",MR,9.1,9.1,97.0
18.0,17.81,75.0,"2023-01-25 01:30:00",MR,9.1,9.1,97.0
18.0,17.81,75.0,"2023-01-25 01:35:00",MR,9.1,9.1,97.0
18.0,17.81,75.0,"2023-01-25 01:40:00",MR,9.2,8.7,97.0
18.0,17.81,75.0,"2023-01-25 01:45:00",MR,9.2,8.2,97.0
18.0,17.81,75.0,"2023-01-25 01:50:00",MR,9.2,9.2,97.0
17.0,16.69,74.0,"2023-01-25 01:55:00",MR,9.2,9.2,97.0
18.0,17.81,75.0,"2023-01-25 02:05:00",MR,9.2,9.2,97.0
18.0,17.81,75.0,"2023-01-25 02:10:00",MR,9.2,9.2,97.0
17.0,16.69,74.0,"2023-01-25 02:15:00",MR,9.2,9.2,97.0
17.0,16.69,74.0,"2023-01-25 02:20:00",MR,9.2,9.2,97.0
17.0,16.71,75.0,"2023-01-25 02:25:00",MR,9.2,9.2,97.0
17.0,16.71,75.0,"2023-01-25 02:30:00",MR,9.2,9.2,97.0
17.0,16.71,75.0,"2023-01-25 02:35:00",MR,9.2,9.2,97.0
17.0,16.69,74.0,"2023-01-25 02:40:00",MR,9.2,9.2,97.0
17.0,16.71,75.0,"2023-01-25 02:45:00",MR,9.2,9.2,97.0
17.0,16.71,75.0,"2023-01-25 02:50:00",MR,9.2,9.2,97.0
17.0,16.71,75.0,"2023-01-25 02:55:00",MR,9.2,9.2,97.0
17.0,16.71,75.0,"2023-01-25 03:00:00",MR,9.3,9.3,97.0
17.0,16.71,75.0,"2023-01-25 03:05:00",MR,9.3,9.3,97.0
17.0,16.71,75.0,"2023-01-25 03:10:00",MR,9.3,9.3,97.0
17.0,16.71,75.0,"2023-01-25 03:15:00",MR,9.3,9.3,97.0
17.0,16.71,75.0,"2023-01-25 03:20:00",MR,9.3,9.3,97.0
17.0,16.71,75.0,"2023-01-25 03:25:00",MR,9.3,9.3,97.0
17.0,16.71,75.0,"2023-01-25 03:30:00",MR,9.3,9.3,97.0
17.0,16.69,74.0,"2023-01-25 03:35:00",MR,9.3,9.3,97.0
17.0,16.69,74.0,"2023-01-25 03:40:00",MR,9.3,9.0,97.0
17.0,16.69,74.0,"2023-01-25 03:45:00",MR,9.3,9.3,97.0
17.0,16.69,74.0,"2023-01-25 03:50:00",MR,9.3,9.3,97.0
17.0,16.69,74.0,"2023-01-25 03:55:00",MR,9.3,9.3,97.0
17.0,16.69,74.0,"2023-01-25 04:00:00",MR,9.3,9.3,97.0
17.0,16.69,74.0,"2023-01-25 04:05:00",MR,9.3,9.3,97.0
17.0,16.71,75.0,"2023-01-25 04:10:00",MR,9.3,9.3,97.0
17.0,16.71,75.0,"2023-01-25 04:15:00",MR,9.3,9.3,97.0
17.0,16.69,74.0,"2023-01-25 04:20:00",MR,9.3,9.3,97.0
17.0,16.69,74.0,"2023-01-25 04:25:00",MR,9.3,9.3,97.0
17.0,16.69,74.0,"2023-01-25 04:30:00",MR,9.2,9.2,97.0
17.0,16.69,74.0,"2023-01-25 04:35:00",MR,9.2,9.2,97.0
17.0,16.71,75.0,"2023-01-25 04:40:00",MR,9.2,9.2,97.0
17.0,16.71,75.0,"2023-01-25 04:45:00",MR,9.1,9.1,97.0
17.0,16.71,75.0,"2023-01-25 04:50:00",MR,9.1,9.1,97.0
17.0,16.71,75.0,"2023-01-25 04:55:00",MR,9.0,9.0,97.0
17.0,16.71,75.0,"2023-01-25 05:00:00",MR,8.9,8.9,97.0
17.0,16.71,75.0,"2023-01-25 05:05:00",MR,8.9,8.9,97.0
17.0,16.74,76.0,"2023-01-25 05:10:00",MR,8.9,8.9,97.0
17.0,16.74,76.0,"2023-01-25 05:15:00",MR,8.8,8.8,97.0
17.0,16.74,76.0,"2023-01-25 05:20:00",MR,8.8,8.8,97.0
17.0,16.74,76.0,"2023-01-25 05:25:00",MR,8.8,8.8,97.0
17.0,16.74,76.0,"2023-01-25 05:30:00",MR,8.7,8.7,97.0
17.0,16.74,76.0,"2023-01-25 05:35:00",MR,8.8,8.8,97.0
17.0,16.74,76.0,"2023-01-25 05:40:00",MR,8.9,8.9,97.0
17.0,16.74,76.0,"2023-01-25 05:45:00",MR,8.9,8.9,97.0
17.0,16.74,76.0,"2023-01-25 05:50:00",MR,8.9,8.9,97.0
17.0,16.74,76.0,"2023-01-25 05:55:00",MR,8.9,8.9,97.0
17.0,16.74,76.0,"2023-01-25 06:00:00",MR,9.0,9.0,97.0
17.0,16.74,76.0,"2023-01-25 06:05:00",MR,9.0,9.0,97.0
17.0,16.77,77.0,"2023-01-25 06:10:00",MR,9.0,9.0,97.0
17.0,16.77,77.0,"2023-01-25 06:15:00",MR,9.0,9.0,97.0
17.0,16.77,77.0,"2023-01-25 06:20:00",MR,9.0,9.0,97.0
17.0,16.79,78.0,"2023-01-25 06:25:00",MR,9.0,9.0,97.0
17.0,16.79,78.0,"2023-01-25 06:30:00",MR,9.0,9.0,97.0
18.0,17.92,79.0,"2023-01-25 06:35:00",MR,9.1,9.1,97.0
18.0,17.92,79.0,"2023-01-25 06:40:00",MR,9.1,9.1,97.0
18.0,17.92,79.0,"2023-01-25 06:45:00",MR,9.1,9.1,97.0
18.0,17.92,79.0,"2023-01-25 06:50:00",MR,9.2,9.2,97.0
18.0,17.92,79.0,"2023-01-25 06:55:00",MR,9.3,9.3,97.0
18.0,17.89,78.0,"2023-01-25 07:00:00",MR,9.3,9.3,97.0
18.0,17.89,78.0,"2023-01-25 07:05:00",MR,9.3,9.3,97.0
18.0,17.87,77.0,"2023-01-25 07:10:00",MR,9.3,9.3,97.0
18.0,17.87,77.0,"2023-01-25 07:15:00",MR,9.3,9.3,97.0
18.0,17.84,76.0,"2023-01-25 07:20:00",MR,9.3,9.3,97.0
18.0,17.84,76.0,"2023-01-25 07:25:00",MR,9.3,9.3,97.0
18.0,17.87,77.0,"2023-01-25 07:30:00",MR,9.3,9.3,97.0
18.0,17.84,76.0,"2023-01-25 07:35:00",MR,9.3,9.3,97.0
18.0,17.81,75.0,"2023-01-25 07:40:00",MR,9.3,9.3,97.0
18.0,17.79,74.0,"2023-01-25 07:45:00",MR,9.3,9.3,97.0
18.0,17.79,74.0,"2023-01-25 07:50:00",MR,9.3,9.0,97.0
18.0,17.79,74.0,"2023-01-25 07:55:00",MR,9.3,9.0,97.0
18.0,17.79,74.0,"2023-01-25 08:00:00",MR,9.3,9.3,97.0
18.0,17.84,76.0,"2023-01-25 08:05:00",MR,9.3,8.6,97.0
18.0,17.87,77.0,"2023-01-25 08:10:00",MR,9.3,9.3,97.0
18.0,17.87,77.0,"2023-01-25 08:15:00",MR,9.3,8.8,97.0
18.0,17.87,77.0,"2023-01-25 08:20:00",MR,9.3,8.6,97.0
18.0,17.84,76.0,"2023-01-25 08:25:00",MR,9.3,8.6,97.0
18.0,17.81,75.0,"2023-01-25 08:30:00",MR,9.3,8.5,97.0
17.0,16.69,74.0,"2023-01-25 08:35:00",MR,9.3,8.7,97.0
17.0,16.69,74.0,"2023-01-25 08:40:00",MR,9.4,8.3,97.0
17.0,16.69,74.0,"2023-01-25 08:45:00",MR,9.3,8.2,97.0
17.0,16.69,74.0,"2023-01-25 08:50:00",MR,9.3,8.3,97.0
17.0,16.69,74.0,"2023-01-25 08:55:00",MR,9.3,8.8,97.0
17.0,16.71,75.0,"2023-01-25 09:00:00",MR,9.3,8.8,97.0
17.0,16.69,74.0,"2023-01-25 09:05:00",MR,9.3,9.0,97.0
17.0,16.69,74.0,"2023-01-25 09:10:00",MR,9.3,9.0,97.0
17.0,16.69,74.0,"2023-01-25 09:15:00",MR,9.3,8.7,97.0
17.0,16.69,74.0,"2023-01-25 09:20:00",MR,9.4,8.6,97.0
17.0,16.69,74.0,"2023-01-25 09:25:00",MR,9.5,8.6,98.0
17.0,16.71,75.0,"2023-01-25 09:30:00",MR,9.5,8.2,98.0
17.0,16.71,75.0,"2023-01-25 09:35:00",MR,9.5,8.3,98.0
17.0,16.69,74.0,"2023-01-25 09:40:00",MR,9.5,8.2,98.0
17.0,16.69,74.0,"2023-01-25 09:45:00",MR,9.6,8.6,98.0
17.0,16.69,74.0,"2023-01-25 09:50:00",MR,9.6,8.8,98.0
17.0,16.69,74.0,"2023-01-25 09:55:00",MR,9.6,8.6,98.0
17.0,16.69,74.0,"2023-01-25 10:00:00",MR,9.6,9.6,98.0
17.0,16.69,74.0,"2023-01-25 10:05:00",MR,9.6,8.7,98.0
17.0,16.69,74.0,"2023-01-25 10:10:00",MR,9.6,9.0,98.0
17.0,16.69,74.0,"2023-01-25 10:15:00",MR,9.7,8.3,98.0
17.0,16.69,74.0,"2023-01-25 10:20:00",MR,9.7,8.0,98.0
17.0,16.69,74.0,"2023-01-25 10:25:00",MR,9.7,8.3,98.0
17.0,16.69,74.0,"2023-01-25 10:30:00",MR,9.7,8.0,98.0
17.0,16.69,74.0,"2023-01-25 10:35:00",MR,9.6,8.2,98.0
15.0,14.41,71.0,"2023-01-25 10:35:00",KR,9.6,8.2,98.0
17.0,17.16,92.0,"2023-01-25 10:35:00",FR,9.6,8.2,98.0
17.0,16.71,75.0,"2023-01-25 10:40:00",MR,9.5,8.4,98.0
15.0,14.36,69.0,"2023-01-25 10:40:00",KR,9.5,8.4,98.0
17.0,17.16,92.0,"2023-01-25 10:40:00",FR,9.5,8.4,98.0
17.0,16.71,75.0,"2023-01-25 10:45:00",MR,9.4,8.6,98.0
15.0,14.33,68.0,"2023-01-25 10:45:00",KR,9.4,8.6,98.0
17.0,17.16,92.0,"2023-01-25 10:45:00",FR,9.4,8.6,98.0
17.0,16.71,75.0,"2023-01-25 10:50:00",MR,9.2,7.9,98.0
15.0,14.33,68.0,"2023-01-25 10:50:00",KR,9.2,7.9,98.0
17.0,17.16,92.0,"2023-01-25 10:50:00",FR,9.2,7.9,98.0
17.0,16.69,74.0,"2023-01-25 11:00:00",MR,9.1,8.4,98.0
15.0,14.33,68.0,"2023-01-25 11:00:00",KR,9.1,8.4,98.0
17.0,17.16,92.0,"2023-01-25 11:00:00",FR,9.1,8.4,98.0
17.0,16.69,74.0,"2023-01-25 11:05:00",MR,9.0,8.4,98.0
15.0,14.33,68.0,"2023-01-25 11:05:00",KR,9.0,8.4,98.0
17.0,17.16,92.0,"2023-01-25 11:05:00",FR,9.0,8.4,98.0
17.0,16.69,74.0,"2023-01-25 11:10:00",MR,9.0,7.8,98.0
15.0,14.33,68.0,"2023-01-25 11:10:00",KR,9.0,7.8,98.0
17.0,17.16,92.0,"2023-01-25 11:10:00",FR,9.0,7.8,98.0
17.0,16.71,75.0,"2023-01-25 11:15:00",MR,9.0,8.3,98.0
15.0,14.33,68.0,"2023-01-25 11:15:00",KR,9.0,8.3,98.0
18.0,18.28,93.0,"2023-01-25 11:15:00",FR,9.0,8.3,98.0
17.0,16.69,74.0,"2023-01-25 11:20:00",MR,8.9,7.8,98.0
15.0,14.33,68.0,"2023-01-25 11:20:00",KR,8.9,7.8,98.0
18.0,18.28,93.0,"2023-01-25 11:20:00",FR,8.9,7.8,98.0
17.0,16.69,74.0,"2023-01-25 11:25:00",MR,8.8,7.9,98.0
15.0,14.33,68.0,"2023-01-25 11:25:00",KR,8.8,7.9,98.0
18.0,18.28,93.0,"2023-01-25 11:25:00",FR,8.8,7.9,98.0
17.0,16.69,74.0,"2023-01-25 11:30:00",MR,8.8,7.9,98.0
15.0,14.33,68.0,"2023-01-25 11:30:00",KR,8.8,7.9,98.0
18.0,18.28,93.0,"2023-01-25 11:30:00",FR,8.8,7.9,98.0
17.0,16.69,74.0,"2023-01-25 11:35:00",MR,8.8,8.2,98.0
15.0,14.33,68.0,"2023-01-25 11:35:00",KR,8.8,8.2,98.0
18.0,18.28,93.0,"2023-01-25 11:35:00",FR,8.8,8.2,98.0
17.0,16.69,74.0,"2023-01-25 11:40:00",MR,8.7,7.3,98.0
15.0,14.33,68.0,"2023-01-25 11:40:00",KR,8.7,7.3,98.0
17.0,17.16,92.0,"2023-01-25 11:40:00",FR,8.7,7.3,98.0
17.0,16.69,74.0,"2023-01-25 11:45:00",MR,8.7,7.4,98.0
15.0,14.33,68.0,"2023-01-25 11:45:00",KR,8.7,7.4,98.0
17.0,17.16,92.0,"2023-01-25 11:45:00",FR,8.7,7.4,98.0
17.0,16.69,74.0,"2023-01-25 11:50:00",MR,8.7,7.9,98.0
15.0,14.33,68.0,"2023-01-25 11:50:00",KR,8.7,7.9,98.0
18.0,18.28,93.0,"2023-01-25 11:50:00",FR,8.7,7.9,98.0
17.0,16.69,74.0,"2023-01-25 11:55:00",MR,8.8,8.8,98.0
15.0,14.33,68.0,"2023-01-25 11:55:00",KR,8.8,8.8,98.0
18.0,18.28,93.0,"2023-01-25 11:55:00",FR,8.8,8.8,98.0
17.0,16.69,74.0,"2023-01-25 12:00:00",MR,8.8,7.9,98.0
15.0,14.33,68.0,"2023-01-25 12:00:00",KR,8.8,7.9,98.0
18.0,18.28,93.0,"2023-01-25 12:00:00",FR,8.8,7.9,98.0
17.0,16.69,74.0,"2023-01-25 12:05:00",MR,8.9,7.8,98.0
15.0,14.33,68.0,"2023-01-25 12:05:00",KR,8.9,7.8,98.0
18.0,18.28,93.0,"2023-01-25 12:05:00",FR,8.9,7.8,98.0
17.0,16.66,73.0,"2023-01-25 12:10:00",MR,8.9,7.5,98.0
15.0,14.33,68.0,"2023-01-25 12:10:00",KR,8.9,7.5,98.0
18.0,18.28,93.0,"2023-01-25 12:10:00",FR,8.9,7.5,98.0
17.0,16.66,73.0,"2023-01-25 12:15:00",MR,8.9,7.7,97.0
15.0,14.33,68.0,"2023-01-25 12:15:00",KR,8.9,7.7,97.0
18.0,18.28,93.0,"2023-01-25 12:15:00",FR,8.9,7.7,97.0
17.0,16.66,73.0,"2023-01-25 12:20:00",MR,8.9,8.0,97.0
15.0,14.33,68.0,"2023-01-25 12:20:00",KR,8.9,8.0,97.0
18.0,18.28,93.0,"2023-01-25 12:20:00",FR,8.9,8.0,97.0
17.0,16.66,73.0,"2023-01-25 12:25:00",MR,8.9,7.7,97.0
15.0,14.33,68.0,"2023-01-25 12:25:00",KR,8.9,7.7,97.0
18.0,18.28,93.0,"2023-01-25 12:25:00",FR,8.9,7.7,97.0
17.0,16.66,73.0,"2023-01-25 12:30:00",MR,8.9,7.5,97.0
15.0,14.33,68.0,"2023-01-25 12:30:00",KR,8.9,7.5,97.0
18.0,18.28,93.0,"2023-01-25 12:30:00",FR,8.9,7.5,97.0
17.0,16.66,73.0,"2023-01-25 12:35:00",MR,8.8,7.2,96.0
15.0,14.33,68.0,"2023-01-25 12:35:00",KR,8.8,7.2,96.0
18.0,18.28,93.0,"2023-01-25 12:35:00",FR,8.8,7.2,96.0
17.0,16.66,73.0,"2023-01-25 12:40:00",MR,8.8,6.7,96.0
15.0,14.33,68.0,"2023-01-25 12:40:00",KR,8.8,6.7,96.0
18.0,18.28,93.0,"2023-01-25 12:40:00",FR,8.8,6.7,96.0
17.0,16.66,73.0,"2023-01-25 12:45:00",MR,8.8,6.7,95.0
15.0,14.33,68.0,"2023-01-25 12:45:00",KR,8.8,6.7,95.0
18.0,18.28,93.0,"2023-01-25 12:45:00",FR,8.8,6.7,95.0
17.0,16.66,73.0,"2023-01-25 12:50:00",MR,8.8,6.8,95.0
15.0,14.33,68.0,"2023-01-25 12:50:00",KR,8.8,6.8,95.0
18.0,18.28,93.0,"2023-01-25 12:50:00",FR,8.8,6.8,95.0
17.0,16.66,73.0,"2023-01-25 12:55:00",MR,8.8,6.8,94.0
15.0,14.33,68.0,"2023-01-25 12:55:00",KR,8.8,6.8,94.0
18.0,18.28,93.0,"2023-01-25 12:55:00",FR,8.8,6.8,94.0
17.0,16.66,73.0,"2023-01-25 13:00:00",MR,8.8,6.9,93.0
15.0,14.33,68.0,"2023-01-25 13:00:00",KR,8.8,6.9,93.0
18.0,18.28,93.0,"2023-01-25 13:00:00",FR,8.8,6.9,93.0
17.0,16.66,73.0,"2023-01-25 13:05:00",MR,8.9,7.4,93.0
15.0,14.33,68.0,"2023-01-25 13:05:00",KR,8.9,7.4,93.0
18.0,18.28,93.0,"2023-01-25 13:05:00",FR,8.9,7.4,93.0
17.0,16.66,73.0,"2023-01-25 13:10:00",MR,9.2,8.1,93.0
15.0,14.33,68.0,"2023-01-25 13:10:00",KR,9.2,8.1,93.0
18.0,18.28,93.0,"2023-01-25 13:10:00",FR,9.2,8.1,93.0
17.0,16.66,73.0,"2023-01-25 13:15:00",MR,9.4,8.4,92.0
15.0,14.33,68.0,"2023-01-25 13:15:00",KR,9.4,8.4,92.0
18.0,18.28,93.0,"2023-01-25 13:15:00",FR,9.4,8.4,92.0
17.0,16.66,73.0,"2023-01-25 13:20:00",MR,9.5,7.9,91.0
15.0,14.33,68.0,"2023-01-25 13:20:00",KR,9.5,7.9,91.0
18.0,18.28,93.0,"2023-01-25 13:20:00",FR,9.5,7.9,91.0
17.0,16.66,73.0,"2023-01-25 13:25:00",MR,9.6,8.5,90.0
15.0,14.33,68.0,"2023-01-25 13:25:00",KR,9.6,8.5,90.0
18.0,18.28,93.0,"2023-01-25 13:25:00",FR,9.6,8.5,90.0
17.0,16.66,73.0,"2023-01-25 13:30:00",MR,9.6,8.6,89.0
15.0,14.33,68.0,"2023-01-25 13:30:00",KR,9.6,8.6,89.0
18.0,18.28,93.0,"2023-01-25 13:30:00",FR,9.6,8.6,89.0
17.0,16.66,73.0,"2023-01-25 13:35:00",MR,9.6,8.6,89.0
15.0,14.33,68.0,"2023-01-25 13:35:00",KR,9.6,8.6,89.0
18.0,18.28,93.0,"2023-01-25 13:35:00",FR,9.6,8.6,89.0
17.0,16.66,73.0,"2023-01-25 13:40:00",MR,9.5,8.5,89.0
15.0,14.33,68.0,"2023-01-25 13:40:00",KR,9.5,8.5,89.0
18.0,18.28,93.0,"2023-01-25 13:40:00",FR,9.5,8.5,89.0
17.0,16.66,73.0,"2023-01-25 13:45:00",MR,9.5,8.7,89.0
15.0,14.33,68.0,"2023-01-25 13:45:00",KR,9.5,8.7,89.0
18.0,18.28,93.0,"2023-01-25 13:45:00",FR,9.5,8.7,89.0
17.0,16.69,74.0,"2023-01-25 13:50:00",MR,9.6,8.9,89.0
15.0,14.33,68.0,"2023-01-25 13:50:00",KR,9.6,8.9,89.0
18.0,18.28,93.0,"2023-01-25 13:50:00",FR,9.6,8.9,89.0
17.0,16.69,74.0,"2023-01-25 13:55:00",MR,9.7,8.5,88.0
18.0,18.28,93.0,"2023-01-25 13:55:00",FR,9.7,8.5,88.0
17.0,16.69,74.0,"2023-01-25 14:00:00",MR,9.7,8.9,88.0
15.0,14.33,68.0,"2023-01-25 14:00:00",KR,9.7,8.9,88.0
18.0,18.28,93.0,"2023-01-25 14:00:00",FR,9.7,8.9,88.0
17.0,16.69,74.0,"2023-01-25 14:05:00",MR,9.8,8.7,87.0
15.0,14.33,68.0,"2023-01-25 14:05:00",KR,9.8,8.7,87.0
18.0,18.28,93.0,"2023-01-25 14:05:00",FR,9.8,8.7,87.0
17.0,16.69,74.0,"2023-01-25 14:10:00",MR,9.8,9.0,87.0
15.0,14.33,68.0,"2023-01-25 14:10:00",KR,9.8,9.0,87.0
18.0,18.28,93.0,"2023-01-25 14:10:00",FR,9.8,9.0,87.0
17.0,16.69,74.0,"2023-01-25 14:15:00",MR,9.8,8.9,87.0
15.0,14.33,68.0,"2023-01-25 14:15:00",KR,9.8,8.9,87.0
18.0,18.28,93.0,"2023-01-25 14:15:00",FR,9.8,8.9,87.0
17.0,16.69,74.0,"2023-01-25 14:20:00",MR,9.6,9.1,87.0
15.0,14.33,68.0,"2023-01-25 14:20:00",KR,9.6,9.1,87.0
18.0,18.28,93.0,"2023-01-25 14:20:00",FR,9.6,9.1,87.0
17.0,16.69,74.0,"2023-01-25 14:25:00",MR,9.5,9.5,87.0
15.0,14.36,69.0,"2023-01-25 14:25:00",KR,9.5,9.5,87.0
18.0,18.28,93.0,"2023-01-25 14:25:00",FR,9.5,9.5,87.0
17.0,16.69,74.0,"2023-01-25 14:30:00",MR,9.6,9.0,87.0
15.0,14.36,69.0,"2023-01-25 14:30:00",KR,9.6,9.0,87.0
18.0,18.28,93.0,"2023-01-25 14:30:00",FR,9.6,9.0,87.0
17.0,16.69,74.0,"2023-01-25 14:35:00",MR,9.6,8.7,87.0
16.0,15.46,69.0,"2023-01-25 14:35:00",KR,9.6,8.7,87.0
18.0,18.28,93.0,"2023-01-25 14:35:00",FR,9.6,8.7,87.0
17.0,16.69,74.0,"2023-01-25 14:40:00",MR,9.5,9.1,87.0
16.0,15.43,68.0,"2023-01-25 14:40:00",KR,9.5,9.1,87.0
18.0,18.28,93.0,"2023-01-25 14:40:00",FR,9.5,9.1,87.0
17.0,16.69,74.0,"2023-01-25 14:45:00",MR,9.6,9.3,87.0
16.0,15.4,67.0,"2023-01-25 14:45:00",KR,9.6,9.3,87.0
18.0,18.28,93.0,"2023-01-25 14:45:00",FR,9.6,9.3,87.0
17.0,16.69,74.0,"2023-01-25 14:50:00",MR,9.6,9.1,87.0
16.0,15.4,67.0,"2023-01-25 14:50:00",KR,9.6,9.1,87.0
18.0,18.28,93.0,"2023-01-25 14:50:00",FR,9.6,9.1,87.0
18.0,17.81,75.0,"2023-01-25 14:55:00",MR,9.7,9.4,87.0
16.0,15.43,68.0,"2023-01-25 14:55:00",KR,9.7,9.4,87.0
18.0,18.28,93.0,"2023-01-25 14:55:00",FR,9.7,9.4,87.0
18.0,17.81,75.0,"2023-01-25 15:00:00",MR,9.6,9.1,88.0
16.0,15.43,68.0,"2023-01-25 15:00:00",KR,9.6,9.1,88.0
18.0,18.28,93.0,"2023-01-25 15:00:00",FR,9.6,9.1,88.0
18.0,17.81,75.0,"2023-01-25 15:05:00",MR,9.6,9.6,88.0
16.0,15.43,68.0,"2023-01-25 15:05:00",KR,9.6,9.6,88.0
18.0,18.28,93.0,"2023-01-25 15:05:00",FR,9.6,9.6,88.0
18.0,17.81,75.0,"2023-01-25 15:10:00",MR,9.6,9.6,88.0
16.0,15.43,68.0,"2023-01-25 15:10:00",KR,9.6,9.6,88.0
18.0,18.28,93.0,"2023-01-25 15:10:00",FR,9.6,9.6,88.0
18.0,17.81,75.0,"2023-01-25 15:15:00",MR,9.6,9.6,89.0
16.0,15.43,68.0,"2023-01-25 15:15:00",KR,9.6,9.6,89.0
18.0,18.28,93.0,"2023-01-25 15:15:00",FR,9.6,9.6,89.0
18.0,17.81,75.0,"2023-01-25 15:20:00",MR,9.6,9.3,89.0
16.0,15.43,68.0,"2023-01-25 15:20:00",KR,9.6,9.3,89.0
18.0,18.28,93.0,"2023-01-25 15:20:00",FR,9.6,9.3,89.0
18.0,17.81,75.0,"2023-01-25 15:25:00",MR,9.6,9.6,89.0
16.0,15.43,68.0,"2023-01-25 15:25:00",KR,9.6,9.6,89.0
18.0,18.28,93.0,"2023-01-25 15:25:00",FR,9.6,9.6,89.0
18.0,17.81,75.0,"2023-01-25 15:30:00",MR,9.6,9.6,89.0
16.0,15.43,68.0,"2023-01-25 15:30:00",KR,9.6,9.6,89.0
18.0,18.28,93.0,"2023-01-25 15:30:00",FR,9.6,9.6,89.0
18.0,17.81,75.0,"2023-01-25 15:35:00",MR,9.4,9.4,89.0
16.0,15.4,67.0,"2023-01-25 15:35:00",KR,9.4,9.4,89.0
18.0,18.28,93.0,"2023-01-25 15:35:00",FR,9.4,9.4,89.0
18.0,17.81,75.0,"2023-01-25 15:40:00",MR,9.3,9.3,90.0
16.0,15.4,67.0,"2023-01-25 15:40:00",KR,9.3,9.3,90.0
18.0,18.28,93.0,"2023-01-25 15:40:00",FR,9.3,9.3,90.0
18.0,17.81,75.0,"2023-01-25 15:45:00",MR,9.2,9.2,90.0
16.0,15.4,67.0,"2023-01-25 15:45:00",KR,9.2,9.2,90.0
19.0,19.38,93.0,"2023-01-25 15:45:00",FR,9.2,9.2,90.0
18.0,17.81,75.0,"2023-01-25 15:50:00",MR,9.1,9.1,90.0
16.0,15.4,67.0,"2023-01-25 15:50:00",KR,9.1,9.1,90.0
19.0,19.38,93.0,"2023-01-25 15:50:00",FR,9.1,9.1,90.0
18.0,17.81,75.0,"2023-01-25 15:55:00",MR,8.9,8.9,89.0
16.0,15.4,67.0,"2023-01-25 15:55:00",KR,8.9,8.9,89.0
18.0,18.28,93.0,"2023-01-25 15:55:00",FR,8.9,8.9,89.0
17.0,16.69,74.0,"2023-01-25 16:00:00",MR,8.7,7.5,88.0
16.0,15.4,67.0,"2023-01-25 16:00:00",KR,8.7,7.5,88.0
19.0,19.38,93.0,"2023-01-25 16:00:00",FR,8.7,7.5,88.0
17.0,16.69,74.0,"2023-01-25 16:05:00",MR,8.6,7.2,87.0
16.0,15.4,67.0,"2023-01-25 16:05:00",KR,8.6,7.2,87.0
19.0,19.38,93.0,"2023-01-25 16:05:00",FR,8.6,7.2,87.0
17.0,16.69,74.0,"2023-01-25 16:10:00",MR,8.4,7.5,86.0
16.0,15.43,68.0,"2023-01-25 16:10:00",KR,8.4,7.5,86.0
19.0,19.38,93.0,"2023-01-25 16:10:00",FR,8.4,7.5,86.0
17.0,16.71,75.0,"2023-01-25 16:15:00",MR,8.3,6.8,86.0
16.0,15.43,68.0,"2023-01-25 16:15:00",KR,8.3,6.8,86.0
19.0,19.38,93.0,"2023-01-25 16:15:00",FR,8.3,6.8,86.0
17.0,16.71,75.0,"2023-01-25 16:20:00",MR,8.1,7.5,85.0
16.0,15.43,68.0,"2023-01-25 16:20:00",KR,8.1,7.5,85.0
19.0,19.38,93.0,"2023-01-25 16:20:00",FR,8.1,7.5,85.0
18.0,17.84,76.0,"2023-01-25 16:25:00",MR,8.0,7.3,84.0
16.0,15.43,68.0,"2023-01-25 16:25:00",KR,8.0,7.3,84.0
19.0,19.36,92.0,"2023-01-25 16:25:00",FR,8.0,7.3,84.0
17.0,16.69,74.0,"2023-01-25 16:30:00",MR,7.8,7.8,84.0
16.0,15.43,68.0,"2023-01-25 16:30:00",KR,7.8,7.8,84.0
19.0,19.36,92.0,"2023-01-25 16:30:00",FR,7.8,7.8,84.0
17.0,16.71,75.0,"2023-01-25 16:35:00",MR,7.6,7.6,84.0
16.0,15.43,68.0,"2023-01-25 16:35:00",KR,7.6,7.6,84.0
19.0,19.36,92.0,"2023-01-25 16:35:00",FR,7.6,7.6,84.0
18.0,17.84,76.0,"2023-01-25 16:40:00",MR,7.4,7.4,85.0
16.0,15.43,68.0,"2023-01-25 16:40:00",KR,7.4,7.4,85.0
19.0,19.36,92.0,"2023-01-25 16:40:00",FR,7.4,7.4,85.0
18.0,17.87,77.0,"2023-01-25 16:45:00",MR,7.2,7.2,85.0
16.0,15.43,68.0,"2023-01-25 16:45:00",KR,7.2,7.2,85.0
19.0,19.36,92.0,"2023-01-25 16:45:00",FR,7.2,7.2,85.0
18.0,17.87,77.0,"2023-01-25 16:50:00",MR,7.0,6.3,86.0
16.0,15.43,68.0,"2023-01-25 16:50:00",KR,7.0,6.3,86.0
19.0,19.36,92.0,"2023-01-25 16:50:00",FR,7.0,6.3,86.0
18.0,17.87,77.0,"2023-01-25 16:55:00",MR,6.8,6.8,86.0
16.0,15.43,68.0,"2023-01-25 16:55:00",KR,6.8,6.8,86.0
19.0,19.36,92.0,"2023-01-25 16:55:00",FR,6.8,6.8,86.0
18.0,17.89,78.0,"2023-01-25 17:00:00",MR,6.7,5.8,86.0
16.0,15.43,68.0,"2023-01-25 17:00:00",KR,6.7,5.8,86.0
19.0,19.36,92.0,"2023-01-25 17:00:00",FR,6.7,5.8,86.0
18.0,17.89,78.0,"2023-01-25 17:05:00",MR,6.7,5.8,86.0
16.0,15.43,68.0,"2023-01-25 17:05:00",KR,6.7,5.8,86.0
19.0,19.36,92.0,"2023-01-25 17:05:00",FR,6.7,5.8,86.0
17.0,16.77,77.0,"2023-01-25 17:10:00",MR,6.5,5.4,86.0
16.0,15.43,68.0,"2023-01-25 17:10:00",KR,6.5,5.4,86.0
19.0,19.36,92.0,"2023-01-25 17:10:00",FR,6.5,5.4,86.0
17.0,16.74,76.0,"2023-01-25 17:15:00",MR,6.4,5.4,86.0
16.0,15.43,68.0,"2023-01-25 17:15:00",KR,6.4,5.4,86.0
19.0,19.36,92.0,"2023-01-25 17:15:00",FR,6.4,5.4,86.0
18.0,17.87,77.0,"2023-01-25 17:20:00",MR,6.2,5.2,87.0
16.0,15.43,68.0,"2023-01-25 17:20:00",KR,6.2,5.2,87.0
19.0,19.38,93.0,"2023-01-25 17:20:00",FR,6.2,5.2,87.0
18.0,17.87,77.0,"2023-01-25 17:25:00",MR,6.1,6.1,87.0
15.0,14.33,68.0,"2023-01-25 17:25:00",KR,6.1,6.1,87.0
19.0,19.38,93.0,"2023-01-25 17:25:00",FR,6.1,6.1,87.0
17.0,16.74,76.0,"2023-01-25 17:30:00",MR,5.9,5.9,87.0
16.0,15.46,69.0,"2023-01-25 17:30:00",KR,5.9,5.9,87.0
19.0,19.38,93.0,"2023-01-25 17:30:00",FR,5.9,5.9,87.0
17.0,16.74,76.0,"2023-01-25 17:35:00",MR,5.7,4.7,88.0
15.0,14.33,68.0,"2023-01-25 17:35:00",KR,5.7,4.7,88.0
19.0,19.38,93.0,"2023-01-25 17:35:00",FR,5.7,4.7,88.0
17.0,16.74,76.0,"2023-01-25 17:40:00",MR,5.6,4.5,88.0
16.0,15.46,69.0,"2023-01-25 17:40:00",KR,5.6,4.5,88.0
19.0,19.38,93.0,"2023-01-25 17:40:00",FR,5.6,4.5,88.0
17.0,16.74,76.0,"2023-01-25 17:45:00",MR,5.5,4.5,88.0
16.0,15.43,68.0,"2023-01-25 17:45:00",KR,5.5,4.5,88.0
19.0,19.38,93.0,"2023-01-25 17:45:00",FR,5.5,4.5,88.0
17.0,16.74,76.0,"2023-01-25 17:50:00",MR,5.3,5.3,89.0
16.0,15.43,68.0,"2023-01-25 17:50:00",KR,5.3,5.3,89.0
19.0,19.38,93.0,"2023-01-25 17:50:00",FR,5.3,5.3,89.0
17.0,16.74,76.0,"2023-01-25 17:55:00",MR,5.2,5.2,89.0
16.0,15.43,68.0,"2023-01-25 17:55:00",KR,5.2,5.2,89.0
19.0,19.38,93.0,"2023-01-25 17:55:00",FR,5.2,5.2,89.0
17.0,16.74,76.0,"2023-01-25 18:00:00",MR,4.9,4.9,89.0
16.0,15.43,68.0,"2023-01-25 18:00:00",KR,4.9,4.9,89.0
19.0,19.38,93.0,"2023-01-25 18:00:00",FR,4.9,4.9,89.0
17.0,16.74,76.0,"2023-01-25 18:05:00",MR,4.8,4.8,90.0
15.0,14.33,68.0,"2023-01-25 18:05:00",KR,4.8,4.8,90.0
19.0,19.38,93.0,"2023-01-25 18:05:00",FR,4.8,4.8,90.0
17.0,16.71,75.0,"2023-01-25 18:10:00",MR,4.8,4.8,90.0
15.0,14.36,69.0,"2023-01-25 18:10:00",KR,4.8,4.8,90.0
19.0,19.38,93.0,"2023-01-25 18:10:00",FR,4.8,4.8,90.0
17.0,16.74,76.0,"2023-01-25 18:15:00",MR,4.7,4.7,90.0
15.0,14.36,69.0,"2023-01-25 18:15:00",KR,4.7,4.7,90.0
19.0,19.38,93.0,"2023-01-25 18:15:00",FR,4.7,4.7,90.0
17.0,16.74,76.0,"2023-01-25 18:20:00",MR,4.3,4.3,90.0
15.0,14.36,69.0,"2023-01-25 18:20:00",KR,4.3,4.3,90.0
19.0,19.38,93.0,"2023-01-25 18:20:00",FR,4.3,4.3,90.0
17.0,16.74,76.0,"2023-01-25 18:25:00",MR,4.0,4.0,90.0
15.0,14.36,69.0,"2023-01-25 18:25:00",KR,4.0,4.0,90.0
19.0,19.38,93.0,"2023-01-25 18:25:00",FR,4.0,4.0,90.0
17.0,16.74,76.0,"2023-01-25 18:30:00",MR,3.8,3.8,90.0
15.0,14.36,69.0,"2023-01-25 18:30:00",KR,3.8,3.8,90.0
19.0,19.38,93.0,"2023-01-25 18:30:00",FR,3.8,3.8,90.0
17.0,16.74,76.0,"2023-01-25 18:35:00",MR,3.5,3.5,91.0
15.0,14.36,69.0,"2023-01-25 18:35:00",KR,3.5,3.5,91.0
18.0,18.28,93.0,"2023-01-25 18:35:00",FR,3.5,3.5,91.0
17.0,16.74,76.0,"2023-01-25 18:40:00",MR,3.3,3.3,91.0
15.0,14.36,69.0,"2023-01-25 18:40:00",KR,3.3,3.3,91.0
18.0,18.28,93.0,"2023-01-25 18:40:00",FR,3.3,3.3,91.0
17.0,16.74,76.0,"2023-01-25 18:45:00",MR,3.3,3.3,91.0
15.0,14.36,69.0,"2023-01-25 18:45:00",KR,3.3,3.3,91.0
18.0,18.28,93.0,"2023-01-25 18:45:00",FR,3.3,3.3,91.0
17.0,16.74,76.0,"2023-01-25 18:50:00",MR,3.4,3.4,91.0
15.0,14.36,69.0,"2023-01-25 18:50:00",KR,3.4,3.4,91.0
18.0,18.28,93.0,"2023-01-25 18:50:00",FR,3.4,3.4,91.0
17.0,16.74,76.0,"2023-01-25 18:55:00",MR,3.4,3.4,91.0
15.0,14.36,69.0,"2023-01-25 18:55:00",KR,3.4,3.4,91.0
18.0,18.28,93.0,"2023-01-25 18:55:00",FR,3.4,3.4,91.0
17.0,16.74,76.0,"2023-01-25 19:00:00",MR,3.3,3.3,91.0
15.0,14.36,69.0,"2023-01-25 19:00:00",KR,3.3,3.3,91.0
18.0,18.28,93.0,"2023-01-25 19:00:00",FR,3.3,3.3,91.0
17.0,16.74,76.0,"2023-01-25 19:05:00",MR,3.0,3.0,92.0
15.0,14.36,69.0,"2023-01-25 19:05:00",KR,3.0,3.0,92.0
18.0,18.28,93.0,"2023-01-25 19:05:00",FR,3.0,3.0,92.0
17.0,16.74,76.0,"2023-01-25 19:10:00",MR,3.0,3.0,92.0
15.0,14.36,69.0,"2023-01-25 19:10:00",KR,3.0,3.0,92.0
18.0,18.28,93.0,"2023-01-25 19:10:00",FR,3.0,3.0,92.0
17.0,16.74,76.0,"2023-01-25 19:15:00",MR,2.8,2.8,92.0
15.0,14.38,70.0,"2023-01-25 19:15:00",KR,2.8,2.8,92.0
18.0,18.28,93.0,"2023-01-25 19:15:00",FR,2.8,2.8,92.0
17.0,16.71,75.0,"2023-01-25 19:20:00",MR,2.6,2.6,92.0
16.0,15.48,70.0,"2023-01-25 19:20:00",KR,2.6,2.6,92.0
18.0,18.28,93.0,"2023-01-25 19:20:00",FR,2.6,2.6,92.0
18.0,17.84,76.0,"2023-01-25 19:25:00",MR,2.5,2.5,92.0
16.0,15.46,69.0,"2023-01-25 19:25:00",KR,2.5,2.5,92.0
18.0,18.28,93.0,"2023-01-25 19:25:00",FR,2.5,2.5,92.0
18.0,17.84,76.0,"2023-01-25 19:30:00",MR,2.3,2.3,92.0
16.0,15.43,68.0,"2023-01-25 19:30:00",KR,2.3,2.3,92.0
18.0,18.28,93.0,"2023-01-25 19:30:00",FR,2.3,2.3,92.0
18.0,17.84,76.0,"2023-01-25 19:35:00",MR,2.2,2.2,92.0
16.0,15.4,67.0,"2023-01-25 19:35:00",KR,2.2,2.2,92.0
18.0,18.28,93.0,"2023-01-25 19:35:00",FR,2.2,2.2,92.0
18.0,17.84,76.0,"2023-01-25 19:40:00",MR,2.2,2.2,92.0
16.0,15.43,68.0,"2023-01-25 19:40:00",KR,2.2,2.2,92.0
18.0,18.28,93.0,"2023-01-25 19:40:00",FR,2.2,2.2,92.0
18.0,17.81,75.0,"2023-01-25 19:45:00",MR,2.6,2.6,92.0
16.0,15.4,67.0,"2023-01-25 19:45:00",KR,2.6,2.6,92.0
17.0,16.71,75.0,"2023-01-25 19:50:00",MR,2.9,2.9,92.0
16.0,15.4,67.0,"2023-01-25 19:50:00",KR,2.9,2.9,92.0
18.0,18.28,93.0,"2023-01-25 19:50:00",FR,2.9,2.9,92.0
17.0,16.71,75.0,"2023-01-25 19:55:00",MR,3.0,3.0,92.0
16.0,15.4,67.0,"2023-01-25 19:55:00",KR,3.0,3.0,92.0
18.0,18.28,93.0,"2023-01-25 19:55:00",FR,3.0,3.0,92.0
17.0,16.71,75.0,"2023-01-25 20:00:00",MR,3.0,3.0,92.0
16.0,15.4,67.0,"2023-01-25 20:00:00",KR,3.0,3.0,92.0
18.0,18.28,93.0,"2023-01-25 20:00:00",FR,3.0,3.0,92.0
17.0,16.71,75.0,"2023-01-25 20:05:00",MR,2.7,2.7,92.0
16.0,15.43,68.0,"2023-01-25 20:05:00",KR,2.7,2.7,92.0
18.0,18.28,93.0,"2023-01-25 20:05:00",FR,2.7,2.7,92.0
17.0,16.69,74.0,"2023-01-25 20:10:00",MR,2.6,2.6,92.0
16.0,15.46,69.0,"2023-01-25 20:10:00",KR,2.6,2.6,92.0
18.0,18.28,93.0,"2023-01-25 20:10:00",FR,2.6,2.6,92.0
17.0,16.69,74.0,"2023-01-25 20:15:00",MR,2.6,2.6,92.0
16.0,15.43,68.0,"2023-01-25 20:15:00",KR,2.6,2.6,92.0
18.0,18.28,93.0,"2023-01-25 20:15:00",FR,2.6,2.6,92.0
17.0,16.69,74.0,"2023-01-25 20:20:00",MR,2.4,2.4,92.0
16.0,15.43,68.0,"2023-01-25 20:20:00",KR,2.4,2.4,92.0
18.0,18.28,93.0,"2023-01-25 20:20:00",FR,2.4,2.4,92.0
17.0,16.69,74.0,"2023-01-25 20:25:00",MR,2.4,2.4,92.0
16.0,15.43,68.0,"2023-01-25 20:25:00",KR,2.4,2.4,92.0
18.0,18.28,93.0,"2023-01-25 20:25:00",FR,2.4,2.4,92.0
17.0,16.69,74.0,"2023-01-25 20:30:00",MR,2.6,2.6,92.0
16.0,15.43,68.0,"2023-01-25 20:30:00",KR,2.6,2.6,92.0
18.0,18.28,93.0,"2023-01-25 20:30:00",FR,2.6,2.6,92.0
17.0,16.69,74.0,"2023-01-25 20:35:00",MR,2.7,2.7,92.0
16.0,15.43,68.0,"2023-01-25 20:35:00",KR,2.7,2.7,92.0
18.0,18.28,93.0,"2023-01-25 20:35:00",FR,2.7,2.7,92.0
17.0,16.69,74.0,"2023-01-25 20:40:00",MR,2.9,2.9,92.0
16.0,15.43,68.0,"2023-01-25 20:40:00",KR,2.9,2.9,92.0
18.0,18.28,93.0,"2023-01-25 20:40:00",FR,2.9,2.9,92.0
17.0,16.69,74.0,"2023-01-25 20:45:00",MR,3.0,3.0,92.0
16.0,15.43,68.0,"2023-01-25 20:45:00",KR,3.0,3.0,92.0
18.0,18.28,93.0,"2023-01-25 20:45:00",FR,3.0,3.0,92.0
17.0,16.69,74.0,"2023-01-25 20:50:00",MR,3.0,3.0,92.0
16.0,15.4,67.0,"2023-01-25 20:50:00",KR,3.0,3.0,92.0
18.0,18.28,93.0,"2023-01-25 20:50:00",FR,3.0,3.0,92.0
17.0,16.66,73.0,"2023-01-25 20:55:00",MR,3.0,3.0,92.0
15.0,14.3,67.0,"2023-01-25 20:55:00",KR,3.0,3.0,92.0
18.0,18.28,93.0,"2023-01-25 20:55:00",FR,3.0,3.0,92.0
17.0,16.66,73.0,"2023-01-25 21:00:00",MR,2.9,2.9,92.0
16.0,15.43,68.0,"2023-01-25 21:00:00",KR,2.9,2.9,92.0
18.0,18.28,93.0,"2023-01-25 21:00:00",FR,2.9,2.9,92.0
17.0,16.66,73.0,"2023-01-25 21:05:00",MR,2.9,2.9,92.0
15.0,14.3,67.0,"2023-01-25 21:05:00",KR,2.9,2.9,92.0
18.0,18.28,93.0,"2023-01-25 21:05:00",FR,2.9,2.9,92.0
17.0,16.66,73.0,"2023-01-25 21:10:00",MR,2.9,2.9,92.0
15.0,14.33,68.0,"2023-01-25 21:10:00",KR,2.9,2.9,92.0
18.0,18.28,93.0,"2023-01-25 21:10:00",FR,2.9,2.9,92.0
17.0,16.66,73.0,"2023-01-25 21:15:00",MR,2.8,2.8,92.0
15.0,14.33,68.0,"2023-01-25 21:15:00",KR,2.8,2.8,92.0
18.0,18.28,93.0,"2023-01-25 21:15:00",FR,2.8,2.8,92.0
17.0,16.66,73.0,"2023-01-25 21:20:00",MR,2.5,2.5,92.0
15.0,14.38,70.0,"2023-01-25 21:20:00",KR,2.5,2.5,92.0
18.0,18.28,93.0,"2023-01-25 21:20:00",FR,2.5,2.5,92.0
17.0,16.66,73.0,"2023-01-25 21:25:00",MR,2.4,2.4,92.0
15.0,14.36,69.0,"2023-01-25 21:25:00",KR,2.4,2.4,92.0
18.0,18.28,93.0,"2023-01-25 21:25:00",FR,2.4,2.4,92.0
17.0,16.66,73.0,"2023-01-25 21:30:00",MR,2.4,2.4,92.0
15.0,14.36,69.0,"2023-01-25 21:30:00",KR,2.4,2.4,92.0
18.0,18.28,93.0,"2023-01-25 21:30:00",FR,2.4,2.4,92.0
17.0,16.69,74.0,"2023-01-25 21:35:00",MR,2.2,2.2,92.0
15.0,14.33,68.0,"2023-01-25 21:35:00",KR,2.2,2.2,92.0
18.0,18.28,93.0,"2023-01-25 21:35:00",FR,2.2,2.2,92.0
17.0,16.69,74.0,"2023-01-25 21:40:00",MR,2.1,2.1,92.0
16.0,15.43,68.0,"2023-01-25 21:40:00",KR,2.1,2.1,92.0
18.0,18.28,93.0,"2023-01-25 21:40:00",FR,2.1,2.1,92.0
17.0,16.69,74.0,"2023-01-25 21:45:00",MR,1.9,1.9,92.0
16.0,15.4,67.0,"2023-01-25 21:45:00",KR,1.9,1.9,92.0
18.0,18.28,93.0,"2023-01-25 21:45:00",FR,1.9,1.9,92.0
17.0,16.69,74.0,"2023-01-25 21:50:00",MR,1.8,1.8,92.0
16.0,15.43,68.0,"2023-01-25 21:50:00",KR,1.8,1.8,92.0
18.0,18.28,93.0,"2023-01-25 21:50:00",FR,1.8,1.8,92.0
17.0,16.69,74.0,"2023-01-25 21:55:00",MR,1.8,1.8,93.0
16.0,15.43,68.0,"2023-01-25 21:55:00",KR,1.8,1.8,93.0
18.0,18.28,93.0,"2023-01-25 21:55:00",FR,1.8,1.8,93.0
17.0,16.69,74.0,"2023-01-25 22:00:00",MR,1.8,1.8,93.0
17.0,16.53,68.0,"2023-01-25 22:00:00",KR,1.8,1.8,93.0
18.0,18.28,93.0,"2023-01-25 22:00:00",FR,1.8,1.8,93.0
18.0,17.79,74.0,"2023-01-25 22:05:00",MR,1.7,1.7,93.0
17.0,16.5,67.0,"2023-01-25 22:05:00",KR,1.7,1.7,93.0
18.0,18.28,93.0,"2023-01-25 22:05:00",FR,1.7,1.7,93.0
18.0,17.79,74.0,"2023-01-25 22:10:00",MR,1.6,1.6,93.0
17.0,16.5,67.0,"2023-01-25 22:10:00",KR,1.6,1.6,93.0
18.0,18.28,93.0,"2023-01-25 22:10:00",FR,1.6,1.6,93.0
18.0,17.79,74.0,"2023-01-25 22:15:00",MR,1.7,1.7,93.0
17.0,16.5,67.0,"2023-01-25 22:15:00",KR,1.7,1.7,93.0
18.0,18.28,93.0,"2023-01-25 22:15:00",FR,1.7,1.7,93.0
18.0,17.79,74.0,"2023-01-25 22:20:00",MR,1.8,1.8,93.0
17.0,16.5,67.0,"2023-01-25 22:20:00",KR,1.8,1.8,93.0
18.0,18.28,93.0,"2023-01-25 22:20:00",FR,1.8,1.8,93.0
18.0,17.79,74.0,"2023-01-25 22:25:00",MR,1.7,1.7,93.0
17.0,16.48,66.0,"2023-01-25 22:25:00",KR,1.7,1.7,93.0
18.0,18.28,93.0,"2023-01-25 22:25:00",FR,1.7,1.7,93.0
18.0,17.79,74.0,"2023-01-25 22:30:00",MR,1.4,1.4,93.0
17.0,16.5,67.0,"2023-01-25 22:30:00",KR,1.4,1.4,93.0
18.0,18.28,93.0,"2023-01-25 22:30:00",FR,1.4,1.4,93.0
18.0,17.79,74.0,"2023-01-25 22:35:00",MR,1.3,1.3,94.0
17.0,16.5,67.0,"2023-01-25 22:35:00",KR,1.3,1.3,94.0
18.0,18.28,93.0,"2023-01-25 22:35:00",FR,1.3,1.3,94.0
18.0,17.79,74.0,"2023-01-25 22:40:00",MR,1.1,1.1,94.0
17.0,16.5,67.0,"2023-01-25 22:40:00",KR,1.1,1.1,94.0
18.0,18.28,93.0,"2023-01-25 22:40:00",FR,1.1,1.1,94.0
18.0,17.79,74.0,"2023-01-25 22:45:00",MR,1.0,1.0,94.0
17.0,16.53,68.0,"2023-01-25 22:45:00",KR,1.0,1.0,94.0
18.0,18.28,93.0,"2023-01-25 22:45:00",FR,1.0,1.0,94.0
18.0,17.79,74.0,"2023-01-25 22:50:00",MR,1.1,1.1,94.0
16.0,15.43,68.0,"2023-01-25 22:50:00",KR,1.1,1.1,94.0
18.0,18.28,93.0,"2023-01-25 22:50:00",FR,1.1,1.1,94.0
18.0,17.79,74.0,"2023-01-25 22:55:00",MR,0.9,0.9,94.0
16.0,15.43,68.0,"2023-01-25 22:55:00",KR,0.9,0.9,94.0
18.0,18.28,93.0,"2023-01-25 22:55:00",FR,0.9,0.9,94.0
18.0,17.81,75.0,"2023-01-25 23:00:00",MR,0.8,0.8,94.0
16.0,15.43,68.0,"2023-01-25 23:00:00",KR,0.8,0.8,94.0
18.0,18.28,93.0,"2023-01-25 23:00:00",FR,0.8,0.8,94.0
18.0,17.87,77.0,"2023-01-25 23:05:00",MR,0.8,0.8,94.0
16.0,15.43,68.0,"2023-01-25 23:05:00",KR,0.8,0.8,94.0
18.0,18.28,93.0,"2023-01-25 23:05:00",FR,0.8,0.8,94.0
18.0,17.89,78.0,"2023-01-25 23:10:00",MR,1.1,1.1,94.0
16.0,15.43,68.0,"2023-01-25 23:10:00",KR,1.1,1.1,94.0
18.0,18.28,93.0,"2023-01-25 23:10:00",FR,1.1,1.1,94.0
18.0,17.89,78.0,"2023-01-25 23:15:00",MR,1.4,1.4,94.0
16.0,15.43,68.0,"2023-01-25 23:15:00",KR,1.4,1.4,94.0
18.0,18.28,93.0,"2023-01-25 23:15:00",FR,1.4,1.4,94.0
18.0,17.89,78.0,"2023-01-25 23:20:00",MR,1.5,1.5,94.0
16.0,15.43,68.0,"2023-01-25 23:20:00",KR,1.5,1.5,94.0
18.0,18.28,93.0,"2023-01-25 23:20:00",FR,1.5,1.5,94.0
18.0,17.97,81.0,"2023-01-25 23:25:00",MR,1.6,1.6,94.0
16.0,15.43,68.0,"2023-01-25 23:25:00",KR,1.6,1.6,94.0
18.0,18.28,93.0,"2023-01-25 23:25:00",FR,1.6,1.6,94.0
18.0,18.0,82.0,"2023-01-25 23:30:00",MR,1.6,1.6,94.0
16.0,15.43,68.0,"2023-01-25 23:30:00",KR,1.6,1.6,94.0
18.0,18.28,93.0,"2023-01-25 23:30:00",FR,1.6,1.6,94.0
18.0,18.0,82.0,"2023-01-25 23:35:00",MR,1.7,1.7,94.0
16.0,15.43,68.0,"2023-01-25 23:35:00",KR,1.7,1.7,94.0
18.0,18.28,93.0,"2023-01-25 23:35:00",FR,1.7,1.7,94.0
18.0,18.0,82.0,"2023-01-25 23:40:00",MR,1.8,1.8,95.0
16.0,15.43,68.0,"2023-01-25 23:40:00",KR,1.8,1.8,95.0
18.0,18.28,93.0,"2023-01-25 23:40:00",FR,1.8,1.8,95.0
18.0,18.02,83.0,"2023-01-25 23:45:00",MR,1.8,1.8,95.0
16.0,15.46,69.0,"2023-01-25 23:45:00",KR,1.8,1.8,95.0
18.0,18.28,93.0,"2023-01-25 23:45:00",FR,1.8,1.8,95.0
18.0,18.0,82.0,"2023-01-25 23:50:00",MR,1.7,1.7,95.0
16.0,15.4,67.0,"2023-01-25 23:50:00",KR,1.7,1.7,95.0
18.0,18.28,93.0,"2023-01-25 23:50:00",FR,1.7,1.7,95.0
18.0,18.0,82.0,"2023-01-25 23:55:00",MR,1.7,1.7,95.0
16.0,15.4,67.0,"2023-01-25 23:55:00",KR,1.7,1.7,95.0
18.0,18.28,93.0,"2023-01-25 23:55:00",FR,1.7,1.7,95.0
16.0,15.54,72.0,"2023-01-29 00:00:00",MR,4.5,4.5,96.0
14.0,13.26,69.0,"2023-01-29 00:00:00",KR,4.5,4.5,96.0
17.0,17.16,92.0,"2023-01-29 00:00:00",FR,4.5,4.5,96.0
16.0,15.54,72.0,"2023-01-29 00:05:00",MR,4.5,4.5,96.0
14.0,13.26,69.0,"2023-01-29 00:05:00",KR,4.5,4.5,96.0
17.0,17.16,92.0,"2023-01-29 00:05:00",FR,4.5,4.5,96.0
16.0,15.54,72.0,"2023-01-29 00:10:00",MR,4.6,4.6,96.0
14.0,13.26,69.0,"2023-01-29 00:10:00",KR,4.6,4.6,96.0
17.0,17.16,92.0,"2023-01-29 00:10:00",FR,4.6,4.6,96.0
16.0,15.54,72.0,"2023-01-29 00:15:00",MR,4.8,4.8,96.0
14.0,13.28,70.0,"2023-01-29 00:15:00",KR,4.8,4.8,96.0
17.0,17.16,92.0,"2023-01-29 00:15:00",FR,4.8,4.8,96.0
16.0,15.54,72.0,"2023-01-29 00:20:00",MR,4.9,4.9,96.0
14.0,13.26,69.0,"2023-01-29 00:20:00",KR,4.9,4.9,96.0
17.0,17.16,92.0,"2023-01-29 00:20:00",FR,4.9,4.9,96.0
16.0,15.54,72.0,"2023-01-29 00:25:00",MR,4.9,4.9,96.0
14.0,13.28,70.0,"2023-01-29 00:25:00",KR,4.9,4.9,96.0
17.0,17.16,92.0,"2023-01-29 00:25:00",FR,4.9,4.9,96.0
16.0,15.54,72.0,"2023-01-29 00:30:00",MR,5.0,5.0,96.0
14.0,13.28,70.0,"2023-01-29 00:30:00",KR,5.0,5.0,96.0
17.0,17.16,92.0,"2023-01-29 00:30:00",FR,5.0,5.0,96.0
16.0,15.54,72.0,"2023-01-29 00:35:00",MR,5.0,5.0,96.0
14.0,13.28,70.0,"2023-01-29 00:35:00",KR,5.0,5.0,96.0
17.0,17.16,92.0,"2023-01-29 00:35:00",FR,5.0,5.0,96.0
16.0,15.54,72.0,"2023-01-29 00:40:00",MR,5.0,5.0,96.0
14.0,13.28,70.0,"2023-01-29 00:40:00",KR,5.0,5.0,96.0
17.0,17.16,92.0,"2023-01-29 00:40:00",FR,5.0,5.0,96.0
16.0,15.54,72.0,"2023-01-29 00:45:00",MR,4.9,4.9,96.0
14.0,13.28,70.0,"2023-01-29 00:45:00",KR,4.9,4.9,96.0
17.0,17.16,92.0,"2023-01-29 00:45:00",FR,4.9,4.9,96.0
16.0,15.54,72.0,"2023-01-29 00:50:00",MR,4.9,4.9,96.0
14.0,13.28,70.0,"2023-01-29 00:50:00",KR,4.9,4.9,96.0
17.0,17.16,92.0,"2023-01-29 00:50:00",FR,4.9,4.9,96.0
16.0,15.54,72.0,"2023-01-29 00:55:00",MR,4.9,4.9,96.0
14.0,13.28,70.0,"2023-01-29 00:55:00",KR,4.9,4.9,96.0
17.0,17.16,92.0,"2023-01-29 00:55:00",FR,4.9,4.9,96.0
16.0,15.54,72.0,"2023-01-29 01:00:00",MR,5.0,5.0,96.0
14.0,13.28,70.0,"2023-01-29 01:00:00",KR,5.0,5.0,96.0
17.0,17.16,92.0,"2023-01-29 01:00:00",FR,5.0,5.0,96.0
16.0,15.56,73.0,"2023-01-29 01:05:00",MR,5.0,5.0,96.0
14.0,13.28,70.0,"2023-01-29 01:05:00",KR,5.0,5.0,96.0
17.0,17.16,92.0,"2023-01-29 01:05:00",FR,5.0,5.0,96.0
16.0,15.56,73.0,"2023-01-29 01:10:00",MR,5.1,5.1,96.0
14.0,13.28,70.0,"2023-01-29 01:10:00",KR,5.1,5.1,96.0
17.0,17.16,92.0,"2023-01-29 01:10:00",FR,5.1,5.1,96.0
16.0,15.59,74.0,"2023-01-29 01:15:00",MR,5.1,5.1,96.0
14.0,13.28,70.0,"2023-01-29 01:15:00",KR,5.1,5.1,96.0
16.0,16.06,92.0,"2023-01-29 01:15:00",FR,5.1,5.1,96.0
16.0,15.59,74.0,"2023-01-29 01:20:00",MR,5.2,5.2,96.0
14.0,13.28,70.0,"2023-01-29 01:20:00",KR,5.2,5.2,96.0
16.0,16.06,92.0,"2023-01-29 01:20:00",FR,5.2,5.2,96.0
16.0,15.59,74.0,"2023-01-29 01:25:00",MR,5.3,5.3,96.0
14.0,13.28,70.0,"2023-01-29 01:25:00",KR,5.3,5.3,96.0
16.0,16.06,92.0,"2023-01-29 01:25:00",FR,5.3,5.3,96.0
16.0,15.61,75.0,"2023-01-29 01:30:00",MR,5.3,5.3,96.0
14.0,13.28,70.0,"2023-01-29 01:30:00",KR,5.3,5.3,96.0
16.0,16.06,92.0,"2023-01-29 01:30:00",FR,5.3,5.3,96.0
16.0,15.59,74.0,"2023-01-29 01:35:00",MR,5.2,4.0,96.0
14.0,13.28,70.0,"2023-01-29 01:35:00",KR,5.2,4.0,96.0
16.0,16.06,92.0,"2023-01-29 01:35:00",FR,5.2,4.0,96.0
16.0,15.59,74.0,"2023-01-29 01:40:00",MR,5.3,5.3,96.0
14.0,13.28,70.0,"2023-01-29 01:40:00",KR,5.3,5.3,96.0
16.0,16.06,92.0,"2023-01-29 01:40:00",FR,5.3,5.3,96.0
16.0,15.59,74.0,"2023-01-29 01:45:00",MR,5.3,5.3,96.0
14.0,13.28,70.0,"2023-01-29 01:45:00",KR,5.3,5.3,96.0
16.0,16.06,92.0,"2023-01-29 01:45:00",FR,5.3,5.3,96.0
16.0,15.59,74.0,"2023-01-29 01:50:00",MR,5.3,5.3,96.0
14.0,13.28,70.0,"2023-01-29 01:50:00",KR,5.3,5.3,96.0
16.0,16.06,92.0,"2023-01-29 01:50:00",FR,5.3,5.3,96.0
16.0,15.59,74.0,"2023-01-29 01:55:00",MR,5.4,5.4,96.0
14.0,13.28,70.0,"2023-01-29 01:55:00",KR,5.4,5.4,96.0
16.0,16.06,92.0,"2023-01-29 01:55:00",FR,5.4,5.4,96.0
16.0,15.59,74.0,"2023-01-29 02:00:00",MR,5.5,4.6,96.0
14.0,13.28,70.0,"2023-01-29 02:00:00",KR,5.5,4.6,96.0
16.0,16.06,92.0,"2023-01-29 02:00:00",FR,5.5,4.6,96.0
16.0,15.59,74.0,"2023-01-29 02:05:00",MR,5.6,5.6,96.0
14.0,13.28,70.0,"2023-01-29 02:05:00",KR,5.6,5.6,96.0
16.0,16.06,92.0,"2023-01-29 02:05:00",FR,5.6,5.6,96.0
16.0,15.59,74.0,"2023-01-29 02:10:00",MR,5.6,5.6,97.0
14.0,13.28,70.0,"2023-01-29 02:10:00",KR,5.6,5.6,97.0
16.0,16.06,92.0,"2023-01-29 02:10:00",FR,5.6,5.6,97.0
16.0,15.59,74.0,"2023-01-29 02:15:00",MR,5.5,5.5,97.0
14.0,13.28,70.0,"2023-01-29 02:15:00",KR,5.5,5.5,97.0
16.0,16.06,92.0,"2023-01-29 02:15:00",FR,5.5,5.5,97.0
16.0,15.59,74.0,"2023-01-29 02:20:00",MR,5.8,5.8,97.0
14.0,13.28,70.0,"2023-01-29 02:20:00",KR,5.8,5.8,97.0
16.0,16.06,92.0,"2023-01-29 02:20:00",FR,5.8,5.8,97.0
16.0,15.59,74.0,"2023-01-29 02:25:00",MR,5.9,4.8,97.0
14.0,13.28,70.0,"2023-01-29 02:25:00",KR,5.9,4.8,97.0
16.0,16.06,92.0,"2023-01-29 02:25:00",FR,5.9,4.8,97.0
16.0,15.59,74.0,"2023-01-29 02:30:00",MR,6.0,5.0,96.0
14.0,13.28,70.0,"2023-01-29 02:30:00",KR,6.0,5.0,96.0
16.0,16.06,92.0,"2023-01-29 02:30:00",FR,6.0,5.0,96.0
16.0,15.59,74.0,"2023-01-29 02:35:00",MR,6.0,4.6,96.0
14.0,13.28,70.0,"2023-01-29 02:35:00",KR,6.0,4.6,96.0
16.0,16.06,92.0,"2023-01-29 02:35:00",FR,6.0,4.6,96.0
16.0,15.59,74.0,"2023-01-29 02:40:00",MR,6.1,3.7,96.0
14.0,13.28,70.0,"2023-01-29 02:40:00",KR,6.1,3.7,96.0
16.0,16.06,92.0,"2023-01-29 02:40:00",FR,6.1,3.7,96.0
16.0,15.56,73.0,"2023-01-29 02:50:00",MR,6.4,4.8,96.0
14.0,13.28,70.0,"2023-01-29 02:50:00",KR,6.4,4.8,96.0
16.0,16.06,92.0,"2023-01-29 02:50:00",FR,6.4,4.8,96.0
16.0,15.56,73.0,"2023-01-29 02:55:00",MR,6.3,4.9,96.0
14.0,13.28,70.0,"2023-01-29 02:55:00",KR,6.3,4.9,96.0
16.0,16.06,92.0,"2023-01-29 02:55:00",FR,6.3,4.9,96.0
16.0,15.56,73.0,"2023-01-29 03:00:00",MR,6.2,4.7,96.0
14.0,13.28,70.0,"2023-01-29 03:00:00",KR,6.2,4.7,96.0
16.0,16.06,92.0,"2023-01-29 03:00:00",FR,6.2,4.7,96.0
16.0,15.56,73.0,"2023-01-29 03:05:00",MR,6.2,4.5,96.0
14.0,13.26,69.0,"2023-01-29 03:05:00",KR,6.2,4.5,96.0
16.0,16.06,92.0,"2023-01-29 03:05:00",FR,6.2,4.5,96.0
16.0,15.56,73.0,"2023-01-29 03:10:00",MR,6.3,4.7,96.0
14.0,13.26,69.0,"2023-01-29 03:10:00",KR,6.3,4.7,96.0
16.0,16.06,92.0,"2023-01-29 03:10:00",FR,6.3,4.7,96.0
16.0,15.56,73.0,"2023-01-29 03:15:00",MR,6.4,4.1,96.0
14.0,13.26,69.0,"2023-01-29 03:15:00",KR,6.4,4.1,96.0
16.0,16.06,92.0,"2023-01-29 03:15:00",FR,6.4,4.1,96.0
16.0,15.56,73.0,"2023-01-29 03:20:00",MR,6.4,4.5,96.0
14.0,13.26,69.0,"2023-01-29 03:20:00",KR,6.4,4.5,96.0
16.0,16.06,92.0,"2023-01-29 03:20:00",FR,6.4,4.5,96.0
16.0,15.56,73.0,"2023-01-29 03:25:00",MR,6.4,4.6,96.0
14.0,13.26,69.0,"2023-01-29 03:25:00",KR,6.4,4.6,96.0
16.0,16.06,92.0,"2023-01-29 03:25:00",FR,6.4,4.6,96.0
16.0,15.56,73.0,"2023-01-29 03:30:00",MR,6.4,4.1,96.0
14.0,13.26,69.0,"2023-01-29 03:30:00",KR,6.4,4.1,96.0
16.0,16.06,92.0,"2023-01-29 03:30:00",FR,6.4,4.1,96.0
16.0,15.56,73.0,"2023-01-29 03:35:00",MR,6.4,3.5,96.0
14.0,13.26,69.0,"2023-01-29 03:35:00",KR,6.4,3.5,96.0
16.0,16.06,92.0,"2023-01-29 03:35:00",FR,6.4,3.5,96.0
16.0,15.56,73.0,"2023-01-29 03:40:00",MR,6.3,3.7,96.0
14.0,13.26,69.0,"2023-01-29 03:40:00",KR,6.3,3.7,96.0
16.0,16.06,92.0,"2023-01-29 03:40:00",FR,6.3,3.7,96.0
16.0,15.56,73.0,"2023-01-29 03:45:00",MR,6.2,3.8,95.0
14.0,13.26,69.0,"2023-01-29 03:45:00",KR,6.2,3.8,95.0
16.0,16.06,92.0,"2023-01-29 03:45:00",FR,6.2,3.8,95.0
16.0,15.54,72.0,"2023-01-29 03:50:00",MR,6.3,3.9,95.0
14.0,13.26,69.0,"2023-01-29 03:50:00",KR,6.3,3.9,95.0
16.0,16.06,92.0,"2023-01-29 03:50:00",FR,6.3,3.9,95.0
16.0,15.56,73.0,"2023-01-29 03:55:00",MR,6.2,4.0,94.0
14.0,13.26,69.0,"2023-01-29 03:55:00",KR,6.2,4.0,94.0
16.0,16.06,92.0,"2023-01-29 03:55:00",FR,6.2,4.0,94.0
16.0,15.56,73.0,"2023-01-29 04:00:00",MR,6.1,4.6,93.0
14.0,13.26,69.0,"2023-01-29 04:00:00",KR,6.1,4.6,93.0
16.0,16.06,92.0,"2023-01-29 04:00:00",FR,6.1,4.6,93.0
16.0,15.56,73.0,"2023-01-29 04:05:00",MR,6.0,4.3,93.0
14.0,13.26,69.0,"2023-01-29 04:05:00",KR,6.0,4.3,93.0
16.0,16.06,92.0,"2023-01-29 04:05:00",FR,6.0,4.3,93.0
16.0,15.56,73.0,"2023-01-29 04:10:00",MR,5.8,4.3,93.0
14.0,13.26,69.0,"2023-01-29 04:10:00",KR,5.8,4.3,93.0
16.0,16.06,92.0,"2023-01-29 04:10:00",FR,5.8,4.3,93.0
16.0,15.56,73.0,"2023-01-29 04:15:00",MR,5.8,4.5,92.0
14.0,13.26,69.0,"2023-01-29 04:15:00",KR,5.8,4.5,92.0
16.0,16.06,92.0,"2023-01-29 04:15:00",FR,5.8,4.5,92.0
16.0,15.56,73.0,"2023-01-29 04:20:00",MR,5.8,4.2,92.0
14.0,13.26,69.0,"2023-01-29 04:20:00",KR,5.8,4.2,92.0
16.0,16.06,92.0,"2023-01-29 04:20:00",FR,5.8,4.2,92.0
16.0,15.56,73.0,"2023-01-29 04:25:00",MR,5.8,4.4,92.0
14.0,13.26,69.0,"2023-01-29 04:25:00",KR,5.8,4.4,92.0
16.0,16.06,92.0,"2023-01-29 04:25:00",FR,5.8,4.4,92.0
16.0,15.56,73.0,"2023-01-29 04:30:00",MR,5.8,4.4,92.0
14.0,13.26,69.0,"2023-01-29 04:30:00",KR,5.8,4.4,92.0
16.0,16.06,92.0,"2023-01-29 04:30:00",FR,5.8,4.4,92.0
16.0,15.56,73.0,"2023-01-29 04:35:00",MR,5.8,4.5,92.0
14.0,13.26,69.0,"2023-01-29 04:35:00",KR,5.8,4.5,92.0
16.0,16.06,92.0,"2023-01-29 04:35:00",FR,5.8,4.5,92.0
16.0,15.56,73.0,"2023-01-29 04:40:00",MR,6.0,4.4,92.0
14.0,13.26,69.0,"2023-01-29 04:40:00",KR,6.0,4.4,92.0
16.0,16.06,92.0,"2023-01-29 04:40:00",FR,6.0,4.4,92.0
16.0,15.56,73.0,"2023-01-29 04:45:00",MR,6.1,4.7,92.0
14.0,13.26,69.0,"2023-01-29 04:45:00",KR,6.1,4.7,92.0
16.0,16.06,92.0,"2023-01-29 04:45:00",FR,6.1,4.7,92.0
16.0,15.56,73.0,"2023-01-29 04:50:00",MR,6.2,5.1,92.0
14.0,13.26,69.0,"2023-01-29 04:50:00",KR,6.2,5.1,92.0
16.0,16.06,92.0,"2023-01-29 04:50:00",FR,6.2,5.1,92.0
16.0,15.56,73.0,"2023-01-29 04:55:00",MR,6.3,5.2,93.0
14.0,13.26,69.0,"2023-01-29 04:55:00",KR,6.3,5.2,93.0
16.0,16.06,92.0,"2023-01-29 04:55:00",FR,6.3,5.2,93.0
16.0,15.56,73.0,"2023-01-29 05:00:00",MR,6.4,5.0,93.0
14.0,13.26,69.0,"2023-01-29 05:00:00",KR,6.4,5.0,93.0
16.0,16.06,92.0,"2023-01-29 05:00:00",FR,6.4,5.0,93.0
16.0,15.56,73.0,"2023-01-29 05:05:00",MR,6.6,4.4,93.0
14.0,13.26,69.0,"2023-01-29 05:05:00",KR,6.6,4.4,93.0
16.0,16.06,92.0,"2023-01-29 05:05:00",FR,6.6,4.4,93.0
16.0,15.56,73.0,"2023-01-29 05:10:00",MR,6.8,4.7,92.0
14.0,13.26,69.0,"2023-01-29 05:10:00",KR,6.8,4.7,92.0
16.0,16.06,92.0,"2023-01-29 05:10:00",FR,6.8,4.7,92.0
16.0,15.56,73.0,"2023-01-29 05:15:00",MR,7.0,5.0,92.0
14.0,13.26,69.0,"2023-01-29 05:15:00",KR,7.0,5.0,92.0
16.0,16.06,92.0,"2023-01-29 05:15:00",FR,7.0,5.0,92.0
16.0,15.56,73.0,"2023-01-29 05:20:00",MR,7.1,4.8,92.0
14.0,13.26,69.0,"2023-01-29 05:20:00",KR,7.1,4.8,92.0
16.0,16.06,92.0,"2023-01-29 05:20:00",FR,7.1,4.8,92.0
16.0,15.56,73.0,"2023-01-29 05:25:00",MR,7.2,4.9,92.0
14.0,13.26,69.0,"2023-01-29 05:25:00",KR,7.2,4.9,92.0
16.0,16.06,92.0,"2023-01-29 05:25:00",FR,7.2,4.9,92.0
16.0,15.56,73.0,"2023-01-29 05:30:00",MR,7.4,4.5,91.0
14.0,13.26,69.0,"2023-01-29 05:30:00",KR,7.4,4.5,91.0
16.0,16.06,92.0,"2023-01-29 05:30:00",FR,7.4,4.5,91.0
16.0,15.56,73.0,"2023-01-29 05:35:00",MR,7.5,5.2,91.0
14.0,13.26,69.0,"2023-01-29 05:35:00",KR,7.5,5.2,91.0
16.0,16.06,92.0,"2023-01-29 05:35:00",FR,7.5,5.2,91.0
16.0,15.56,73.0,"2023-01-29 05:40:00",MR,7.6,5.2,91.0
14.0,13.26,69.0,"2023-01-29 05:40:00",KR,7.6,5.2,91.0
16.0,16.06,92.0,"2023-01-29 05:40:00",FR,7.6,5.2,91.0
16.0,15.56,73.0,"2023-01-29 05:45:00",MR,7.6,5.6,91.0
14.0,13.26,69.0,"2023-01-29 05:45:00",KR,7.6,5.6,91.0
16.0,16.06,92.0,"2023-01-29 05:45:00",FR,7.6,5.6,91.0
16.0,15.56,73.0,"2023-01-29 05:50:00",MR,7.6,5.6,92.0
14.0,13.26,69.0,"2023-01-29 05:50:00",KR,7.6,5.6,92.0
16.0,16.06,92.0,"2023-01-29 05:50:00",FR,7.6,5.6,92.0
16.0,15.59,74.0,"2023-01-29 05:55:00",MR,7.6,5.4,92.0
14.0,13.26,69.0,"2023-01-29 05:55:00",KR,7.6,5.4,92.0
16.0,16.06,92.0,"2023-01-29 05:55:00",FR,7.6,5.4,92.0
16.0,15.59,74.0,"2023-01-29 06:00:00",MR,7.7,5.8,92.0
14.0,13.26,69.0,"2023-01-29 06:00:00",KR,7.7,5.8,92.0
16.0,16.06,92.0,"2023-01-29 06:00:00",FR,7.7,5.8,92.0
16.0,15.59,74.0,"2023-01-29 06:05:00",MR,7.7,5.8,92.0
14.0,13.26,69.0,"2023-01-29 06:05:00",KR,7.7,5.8,92.0
16.0,16.06,92.0,"2023-01-29 06:05:00",FR,7.7,5.8,92.0
16.0,15.61,75.0,"2023-01-29 06:10:00",MR,7.7,5.7,92.0
14.0,13.26,69.0,"2023-01-29 06:10:00",KR,7.7,5.7,92.0
16.0,16.06,92.0,"2023-01-29 06:10:00",FR,7.7,5.7,92.0
16.0,15.61,75.0,"2023-01-29 06:15:00",MR,7.7,6.0,92.0
14.0,13.28,70.0,"2023-01-29 06:15:00",KR,7.7,6.0,92.0
16.0,16.06,92.0,"2023-01-29 06:15:00",FR,7.7,6.0,92.0
16.0,15.64,76.0,"2023-01-29 06:20:00",MR,7.7,5.6,93.0
14.0,13.28,70.0,"2023-01-29 06:20:00",KR,7.7,5.6,93.0
16.0,16.06,92.0,"2023-01-29 06:20:00",FR,7.7,5.6,93.0
16.0,15.67,77.0,"2023-01-29 06:25:00",MR,7.7,5.5,93.0
14.0,13.28,70.0,"2023-01-29 06:25:00",KR,7.7,5.5,93.0
16.0,16.06,92.0,"2023-01-29 06:25:00",FR,7.7,5.5,93.0
16.0,15.67,77.0,"2023-01-29 06:30:00",MR,7.8,5.8,93.0
14.0,13.28,70.0,"2023-01-29 06:30:00",KR,7.8,5.8,93.0
16.0,16.06,92.0,"2023-01-29 06:30:00",FR,7.8,5.8,93.0
16.0,15.67,77.0,"2023-01-29 06:35:00",MR,7.8,6.0,93.0
15.0,14.38,70.0,"2023-01-29 06:35:00",KR,7.8,6.0,93.0
16.0,16.06,92.0,"2023-01-29 06:35:00",FR,7.8,6.0,93.0
16.0,15.67,77.0,"2023-01-29 06:40:00",MR,7.8,6.2,93.0
15.0,14.38,70.0,"2023-01-29 06:40:00",KR,7.8,6.2,93.0
16.0,16.06,92.0,"2023-01-29 06:40:00",FR,7.8,6.2,93.0
16.0,15.67,77.0,"2023-01-29 06:45:00",MR,7.8,6.2,93.0
15.0,14.38,70.0,"2023-01-29 06:45:00",KR,7.8,6.2,93.0
16.0,16.06,92.0,"2023-01-29 06:45:00",FR,7.8,6.2,93.0
16.0,15.69,78.0,"2023-01-29 06:50:00",MR,7.8,5.9,93.0
15.0,14.38,70.0,"2023-01-29 06:50:00",KR,7.8,5.9,93.0
16.0,16.06,92.0,"2023-01-29 06:50:00",FR,7.8,5.9,93.0
16.0,15.67,77.0,"2023-01-29 06:55:00",MR,7.7,6.7,94.0
15.0,14.38,70.0,"2023-01-29 06:55:00",KR,7.7,6.7,94.0
16.0,16.06,92.0,"2023-01-29 06:55:00",FR,7.7,6.7,94.0
16.0,15.67,77.0,"2023-01-29 07:00:00",MR,7.5,6.7,94.0
15.0,14.38,70.0,"2023-01-29 07:00:00",KR,7.5,6.7,94.0
16.0,16.06,92.0,"2023-01-29 07:00:00",FR,7.5,6.7,94.0
16.0,15.67,77.0,"2023-01-29 07:05:00",MR,7.5,6.1,94.0
15.0,14.38,70.0,"2023-01-29 07:05:00",KR,7.5,6.1,94.0
16.0,16.06,92.0,"2023-01-29 07:05:00",FR,7.5,6.1,94.0
16.0,15.67,77.0,"2023-01-29 07:10:00",MR,7.5,6.8,94.0
15.0,14.38,70.0,"2023-01-29 07:10:00",KR,7.5,6.8,94.0
16.0,16.06,92.0,"2023-01-29 07:10:00",FR,7.5,6.8,94.0
16.0,15.67,77.0,"2023-01-29 07:15:00",MR,7.5,6.6,94.0
15.0,14.38,70.0,"2023-01-29 07:15:00",KR,7.5,6.6,94.0
16.0,16.06,92.0,"2023-01-29 07:15:00",FR,7.5,6.6,94.0
17.0,16.77,77.0,"2023-01-29 07:20:00",MR,7.4,6.3,94.0
14.0,13.28,70.0,"2023-01-29 07:20:00",KR,7.4,6.3,94.0
16.0,16.06,92.0,"2023-01-29 07:20:00",FR,7.4,6.3,94.0
16.0,15.67,77.0,"2023-01-29 07:25:00",MR,7.4,6.4,94.0
14.0,13.28,70.0,"2023-01-29 07:25:00",KR,7.4,6.4,94.0
16.0,16.06,92.0,"2023-01-29 07:25:00",FR,7.4,6.4,94.0
16.0,15.64,76.0,"2023-01-29 07:30:00",MR,7.5,6.3,94.0
14.0,13.26,69.0,"2023-01-29 07:30:00",KR,7.5,6.3,94.0
16.0,16.06,92.0,"2023-01-29 07:30:00",FR,7.5,6.3,94.0
17.0,16.74,76.0,"2023-01-29 07:35:00",MR,7.5,6.3,94.0
14.0,13.26,69.0,"2023-01-29 07:35:00",KR,7.5,6.3,94.0
16.0,16.06,92.0,"2023-01-29 07:35:00",FR,7.5,6.3,94.0
16.0,15.64,76.0,"2023-01-29 07:40:00",MR,7.6,6.1,94.0
14.0,13.26,69.0,"2023-01-29 07:40:00",KR,7.6,6.1,94.0
16.0,16.06,92.0,"2023-01-29 07:40:00",FR,7.6,6.1,94.0
16.0,15.67,77.0,"2023-01-29 07:45:00",MR,7.8,6.0,94.0
14.0,13.26,69.0,"2023-01-29 07:45:00",KR,7.8,6.0,94.0
16.0,16.06,92.0,"2023-01-29 07:45:00",FR,7.8,6.0,94.0
16.0,15.67,77.0,"2023-01-29 07:50:00",MR,8.0,6.0,95.0
14.0,13.26,69.0,"2023-01-29 07:50:00",KR,8.0,6.0,95.0
16.0,16.06,92.0,"2023-01-29 07:50:00",FR,8.0,6.0,95.0
16.0,15.64,76.0,"2023-01-29 07:55:00",MR,8.1,6.0,95.0
14.0,13.26,69.0,"2023-01-29 07:55:00",KR,8.1,6.0,95.0
16.0,16.06,92.0,"2023-01-29 07:55:00",FR,8.1,6.0,95.0
16.0,15.61,75.0,"2023-01-29 08:00:00",MR,8.2,6.1,95.0
14.0,13.28,70.0,"2023-01-29 08:00:00",KR,8.2,6.1,95.0
16.0,16.06,92.0,"2023-01-29 08:00:00",FR,8.2,6.1,95.0
16.0,15.61,75.0,"2023-01-29 08:05:00",MR,8.3,6.0,95.0
14.0,13.28,70.0,"2023-01-29 08:05:00",KR,8.3,6.0,95.0
16.0,16.06,92.0,"2023-01-29 08:05:00",FR,8.3,6.0,95.0
16.0,15.61,75.0,"2023-01-29 08:10:00",MR,8.3,6.2,95.0
14.0,13.28,70.0,"2023-01-29 08:10:00",KR,8.3,6.2,95.0
16.0,16.06,92.0,"2023-01-29 08:10:00",FR,8.3,6.2,95.0
16.0,15.61,75.0,"2023-01-29 08:15:00",MR,8.4,6.6,95.0
14.0,13.26,69.0,"2023-01-29 08:15:00",KR,8.4,6.6,95.0
16.0,16.06,92.0,"2023-01-29 08:15:00",FR,8.4,6.6,95.0
16.0,15.61,75.0,"2023-01-29 08:20:00",MR,8.4,6.5,95.0
14.0,13.28,70.0,"2023-01-29 08:20:00",KR,8.4,6.5,95.0
16.0,16.06,92.0,"2023-01-29 08:20:00",FR,8.4,6.5,95.0
16.0,15.61,75.0,"2023-01-29 08:25:00",MR,8.5,6.5,95.0
14.0,13.28,70.0,"2023-01-29 08:25:00",KR,8.5,6.5,95.0
16.0,16.06,92.0,"2023-01-29 08:25:00",FR,8.5,6.5,95.0
16.0,15.61,75.0,"2023-01-29 08:30:00",MR,8.5,6.6,96.0
14.0,13.28,70.0,"2023-01-29 08:30:00",KR,8.5,6.6,96.0
16.0,16.06,92.0,"2023-01-29 08:30:00",FR,8.5,6.6,96.0
16.0,15.61,75.0,"2023-01-29 08:35:00",MR,8.6,6.9,96.0
14.0,13.26,69.0,"2023-01-29 08:35:00",KR,8.6,6.9,96.0
16.0,16.06,92.0,"2023-01-29 08:35:00",FR,8.6,6.9,96.0
16.0,15.64,76.0,"2023-01-29 08:40:00",MR,8.6,6.9,96.0
14.0,13.28,70.0,"2023-01-29 08:40:00",KR,8.6,6.9,96.0
16.0,16.06,92.0,"2023-01-29 08:40:00",FR,8.6,6.9,96.0
16.0,15.61,75.0,"2023-01-29 08:45:00",MR,8.6,7.4,96.0
14.0,13.28,70.0,"2023-01-29 08:45:00",KR,8.6,7.4,96.0
16.0,16.06,92.0,"2023-01-29 08:45:00",FR,8.6,7.4,96.0
16.0,15.56,73.0,"2023-01-29 08:50:00",MR,8.7,7.8,96.0
14.0,13.28,70.0,"2023-01-29 08:50:00",KR,8.7,7.8,96.0
16.0,16.06,92.0,"2023-01-29 08:50:00",FR,8.7,7.8,96.0
16.0,15.59,74.0,"2023-01-29 08:55:00",MR,8.7,7.4,96.0
14.0,13.28,70.0,"2023-01-29 08:55:00",KR,8.7,7.4,96.0
17.0,17.16,92.0,"2023-01-29 08:55:00",FR,8.7,7.4,96.0
16.0,15.56,73.0,"2023-01-29 09:00:00",MR,8.7,7.9,96.0
14.0,13.28,70.0,"2023-01-29 09:00:00",KR,8.7,7.9,96.0
17.0,17.16,92.0,"2023-01-29 09:00:00",FR,8.7,7.9,96.0
16.0,15.54,72.0,"2023-01-29 09:05:00",MR,8.7,7.4,96.0
14.0,13.28,70.0,"2023-01-29 09:05:00",KR,8.7,7.4,96.0
16.0,16.06,92.0,"2023-01-29 09:05:00",FR,8.7,7.4,96.0
16.0,15.54,72.0,"2023-01-29 09:10:00",MR,8.8,7.1,96.0
14.0,13.28,70.0,"2023-01-29 09:10:00",KR,8.8,7.1,96.0
16.0,16.06,92.0,"2023-01-29 09:10:00",FR,8.8,7.1,96.0
16.0,15.54,72.0,"2023-01-29 09:15:00",MR,8.8,7.7,96.0
14.0,13.26,69.0,"2023-01-29 09:15:00",KR,8.8,7.7,96.0
16.0,16.06,92.0,"2023-01-29 09:15:00",FR,8.8,7.7,96.0
16.0,15.54,72.0,"2023-01-29 09:20:00",MR,8.8,8.0,96.0
14.0,13.26,69.0,"2023-01-29 09:20:00",KR,8.8,8.0,96.0
16.0,16.06,92.0,"2023-01-29 09:20:00",FR,8.8,8.0,96.0
16.0,15.54,72.0,"2023-01-29 09:25:00",MR,8.9,7.8,96.0
14.0,13.26,69.0,"2023-01-29 09:25:00",KR,8.9,7.8,96.0
16.0,16.06,92.0,"2023-01-29 09:25:00",FR,8.9,7.8,96.0
16.0,15.54,72.0,"2023-01-29 09:30:00",MR,8.9,8.3,97.0
14.0,13.26,69.0,"2023-01-29 09:30:00",KR,8.9,8.3,97.0
16.0,16.06,92.0,"2023-01-29 09:30:00",FR,8.9,8.3,97.0
16.0,15.51,71.0,"2023-01-29 09:35:00",MR,8.9,7.1,97.0
14.0,13.26,69.0,"2023-01-29 09:35:00",KR,8.9,7.1,97.0
17.0,17.16,92.0,"2023-01-29 09:35:00",FR,8.9,7.1,97.0
16.0,15.56,73.0,"2023-01-29 09:40:00",MR,9.0,7.3,97.0
14.0,13.26,69.0,"2023-01-29 09:40:00",KR,9.0,7.3,97.0
16.0,16.03,91.0,"2023-01-29 09:40:00",FR,9.0,7.3,97.0
16.0,15.56,73.0,"2023-01-29 09:45:00",MR,9.0,7.7,97.0
14.0,13.26,69.0,"2023-01-29 09:45:00",KR,9.0,7.7,97.0
16.0,16.06,92.0,"2023-01-29 09:45:00",FR,9.0,7.7,97.0
16.0,15.56,73.0,"2023-01-29 09:50:00",MR,9.0,7.4,97.0
14.0,13.28,70.0,"2023-01-29 09:50:00",KR,9.0,7.4,97.0
16.0,16.03,91.0,"2023-01-29 09:50:00",FR,9.0,7.4,97.0
16.0,15.56,73.0,"2023-01-29 09:55:00",MR,9.0,7.1,97.0
14.0,13.28,70.0,"2023-01-29 09:55:00",KR,9.0,7.1,97.0
16.0,16.06,92.0,"2023-01-29 09:55:00",FR,9.0,7.1,97.0
16.0,15.54,72.0,"2023-01-29 10:00:00",MR,9.0,7.5,97.0
14.0,13.26,69.0,"2023-01-29 10:00:00",KR,9.0,7.5,97.0
16.0,16.06,92.0,"2023-01-29 10:00:00",FR,9.0,7.5,97.0
16.0,15.56,73.0,"2023-01-29 10:05:00",MR,9.0,7.4,97.0
14.0,13.26,69.0,"2023-01-29 10:05:00",KR,9.0,7.4,97.0
16.0,16.06,92.0,"2023-01-29 10:05:00",FR,9.0,7.4,97.0
16.0,15.56,73.0,"2023-01-29 10:10:00",MR,9.1,7.9,97.0
14.0,13.26,69.0,"2023-01-29 10:10:00",KR,9.1,7.9,97.0
17.0,17.16,92.0,"2023-01-29 10:10:00",FR,9.1,7.9,97.0
16.0,15.54,72.0,"2023-01-29 10:15:00",MR,9.1,8.0,97.0
14.0,13.26,69.0,"2023-01-29 10:15:00",KR,9.1,8.0,97.0
16.0,16.06,92.0,"2023-01-29 10:15:00",FR,9.1,8.0,97.0
16.0,15.54,72.0,"2023-01-29 10:20:00",MR,9.2,7.8,97.0
14.0,13.26,69.0,"2023-01-29 10:20:00",KR,9.2,7.8,97.0
16.0,16.06,92.0,"2023-01-29 10:20:00",FR,9.2,7.8,97.0
16.0,15.56,73.0,"2023-01-29 10:25:00",MR,9.2,7.1,97.0
14.0,13.26,69.0,"2023-01-29 10:25:00",KR,9.2,7.1,97.0
17.0,17.16,92.0,"2023-01-29 10:25:00",FR,9.2,7.1,97.0
16.0,15.56,73.0,"2023-01-29 10:30:00",MR,9.3,7.6,97.0
14.0,13.26,69.0,"2023-01-29 10:30:00",KR,9.3,7.6,97.0
17.0,17.16,92.0,"2023-01-29 10:30:00",FR,9.3,7.6,97.0
16.0,15.56,73.0,"2023-01-29 10:35:00",MR,9.3,7.9,97.0
14.0,13.26,69.0,"2023-01-29 10:35:00",KR,9.3,7.9,97.0
17.0,17.16,92.0,"2023-01-29 10:35:00",FR,9.3,7.9,97.0
16.0,15.56,73.0,"2023-01-29 10:40:00",MR,9.3,7.6,97.0
14.0,13.26,69.0,"2023-01-29 10:40:00",KR,9.3,7.6,97.0
16.0,16.06,92.0,"2023-01-29 10:40:00",FR,9.3,7.6,97.0
16.0,15.56,73.0,"2023-01-29 10:45:00",MR,9.3,7.4,97.0
14.0,13.26,69.0,"2023-01-29 10:45:00",KR,9.3,7.4,97.0
17.0,17.16,92.0,"2023-01-29 10:45:00",FR,9.3,7.4,97.0
16.0,15.56,73.0,"2023-01-29 10:50:00",MR,9.3,7.5,97.0
14.0,13.26,69.0,"2023-01-29 10:50:00",KR,9.3,7.5,97.0
17.0,17.16,92.0,"2023-01-29 10:50:00",FR,9.3,7.5,97.0
16.0,15.56,73.0,"2023-01-29 10:55:00",MR,9.3,8.0,97.0
14.0,13.26,69.0,"2023-01-29 10:55:00",KR,9.3,8.0,97.0
17.0,17.13,91.0,"2023-01-29 10:55:00",FR,9.3,8.0,97.0
16.0,15.56,73.0,"2023-01-29 11:00:00",MR,9.3,7.6,97.0
14.0,13.26,69.0,"2023-01-29 11:00:00",KR,9.3,7.6,97.0
17.0,17.16,92.0,"2023-01-29 11:00:00",FR,9.3,7.6,97.0
16.0,15.56,73.0,"2023-01-29 11:05:00",MR,9.3,7.9,97.0
14.0,13.26,69.0,"2023-01-29 11:05:00",KR,9.3,7.9,97.0
17.0,17.16,92.0,"2023-01-29 11:05:00",FR,9.3,7.9,97.0
16.0,15.54,72.0,"2023-01-29 11:10:00",MR,9.3,7.7,97.0
14.0,13.26,69.0,"2023-01-29 11:10:00",KR,9.3,7.7,97.0
17.0,17.16,92.0,"2023-01-29 11:10:00",FR,9.3,7.7,97.0
16.0,15.56,73.0,"2023-01-29 11:15:00",MR,9.3,7.2,97.0
14.0,13.26,69.0,"2023-01-29 11:15:00",KR,9.3,7.2,97.0
17.0,17.16,92.0,"2023-01-29 11:15:00",FR,9.3,7.2,97.0
16.0,15.56,73.0,"2023-01-29 11:20:00",MR,9.3,7.8,97.0
14.0,13.26,69.0,"2023-01-29 11:20:00",KR,9.3,7.8,97.0
17.0,17.16,92.0,"2023-01-29 11:20:00",FR,9.3,7.8,97.0
16.0,15.56,73.0,"2023-01-29 11:25:00",MR,9.3,7.3,97.0
14.0,13.26,69.0,"2023-01-29 11:25:00",KR,9.3,7.3,97.0
17.0,17.16,92.0,"2023-01-29 11:25:00",FR,9.3,7.3,97.0
16.0,15.54,72.0,"2023-01-29 11:30:00",MR,9.4,7.5,97.0
14.0,13.26,69.0,"2023-01-29 11:30:00",KR,9.4,7.5,97.0
17.0,17.16,92.0,"2023-01-29 11:30:00",FR,9.4,7.5,97.0
16.0,15.54,72.0,"2023-01-29 11:35:00",MR,9.4,7.8,97.0
14.0,13.26,69.0,"2023-01-29 11:35:00",KR,9.4,7.8,97.0
17.0,17.16,92.0,"2023-01-29 11:35:00",FR,9.4,7.8,97.0
16.0,15.54,72.0,"2023-01-29 11:40:00",MR,9.5,7.8,97.0
14.0,13.26,69.0,"2023-01-29 11:40:00",KR,9.5,7.8,97.0
17.0,17.16,92.0,"2023-01-29 11:40:00",FR,9.5,7.8,97.0
16.0,15.54,72.0,"2023-01-29 11:45:00",MR,9.5,8.0,97.0
14.0,13.28,70.0,"2023-01-29 11:45:00",KR,9.5,8.0,97.0
17.0,17.13,91.0,"2023-01-29 11:45:00",FR,9.5,8.0,97.0
16.0,15.56,73.0,"2023-01-29 11:50:00",MR,9.6,8.2,97.0
15.0,14.36,69.0,"2023-01-29 11:50:00",KR,9.6,8.2,97.0
17.0,17.13,91.0,"2023-01-29 11:50:00",FR,9.6,8.2,97.0
16.0,15.56,73.0,"2023-01-29 11:55:00",MR,9.6,7.1,97.0
15.0,14.36,69.0,"2023-01-29 11:55:00",KR,9.6,7.1,97.0
17.0,17.11,90.0,"2023-01-29 11:55:00",FR,9.6,7.1,97.0
16.0,15.56,73.0,"2023-01-29 12:00:00",MR,9.7,7.4,97.0
15.0,14.33,68.0,"2023-01-29 12:00:00",KR,9.7,7.4,97.0
17.0,17.11,90.0,"2023-01-29 12:00:00",FR,9.7,7.4,97.0
16.0,15.56,73.0,"2023-01-29 12:05:00",MR,9.7,7.5,97.0
15.0,14.38,70.0,"2023-01-29 12:05:00",KR,9.7,7.5,97.0
17.0,17.11,90.0,"2023-01-29 12:05:00",FR,9.7,7.5,97.0
17.0,16.66,73.0,"2023-01-29 12:10:00",MR,9.7,7.8,97.0
16.0,15.46,69.0,"2023-01-29 12:10:00",KR,9.7,7.8,97.0
17.0,17.11,90.0,"2023-01-29 12:10:00",FR,9.7,7.8,97.0
17.0,16.64,72.0,"2023-01-29 12:15:00",MR,9.7,7.8,97.0
16.0,15.43,68.0,"2023-01-29 12:15:00",KR,9.7,7.8,97.0
17.0,17.11,90.0,"2023-01-29 12:15:00",FR,9.7,7.8,97.0
17.0,16.64,72.0,"2023-01-29 12:20:00",MR,9.7,7.6,97.0
16.0,15.4,67.0,"2023-01-29 12:20:00",KR,9.7,7.6,97.0
17.0,17.11,90.0,"2023-01-29 12:20:00",FR,9.7,7.6,97.0
17.0,16.64,72.0,"2023-01-29 12:25:00",MR,9.7,7.5,96.0
16.0,15.4,67.0,"2023-01-29 12:25:00",KR,9.7,7.5,96.0
17.0,17.11,90.0,"2023-01-29 12:25:00",FR,9.7,7.5,96.0
17.0,16.64,72.0,"2023-01-29 12:30:00",MR,9.7,7.8,96.0
16.0,15.4,67.0,"2023-01-29 12:30:00",KR,9.7,7.8,96.0
17.0,17.11,90.0,"2023-01-29 12:30:00",FR,9.7,7.8,96.0
17.0,16.64,72.0,"2023-01-29 12:35:00",MR,9.7,7.9,96.0
16.0,15.4,67.0,"2023-01-29 12:35:00",KR,9.7,7.9,96.0
17.0,17.13,91.0,"2023-01-29 12:35:00",FR,9.7,7.9,96.0
17.0,16.64,72.0,"2023-01-29 12:40:00",MR,9.7,7.9,96.0
16.0,15.43,68.0,"2023-01-29 12:40:00",KR,9.7,7.9,96.0
17.0,17.13,91.0,"2023-01-29 12:40:00",FR,9.7,7.9,96.0
17.0,16.64,72.0,"2023-01-29 12:45:00",MR,9.7,8.0,96.0
16.0,15.43,68.0,"2023-01-29 12:45:00",KR,9.7,8.0,96.0
17.0,17.13,91.0,"2023-01-29 12:45:00",FR,9.7,8.0,96.0
17.0,16.64,72.0,"2023-01-29 12:50:00",MR,9.7,7.9,96.0
16.0,15.43,68.0,"2023-01-29 12:50:00",KR,9.7,7.9,96.0
17.0,17.13,91.0,"2023-01-29 12:50:00",FR,9.7,7.9,96.0
17.0,16.66,73.0,"2023-01-29 12:55:00",MR,9.7,7.6,96.0
16.0,15.46,69.0,"2023-01-29 12:55:00",KR,9.7,7.6,96.0
17.0,17.13,91.0,"2023-01-29 12:55:00",FR,9.7,7.6,96.0
17.0,16.66,73.0,"2023-01-29 13:00:00",MR,9.7,8.0,96.0
16.0,15.4,67.0,"2023-01-29 13:00:00",KR,9.7,8.0,96.0
17.0,17.13,91.0,"2023-01-29 13:00:00",FR,9.7,8.0,96.0
17.0,16.66,73.0,"2023-01-29 13:05:00",MR,9.7,7.7,95.0
16.0,15.4,67.0,"2023-01-29 13:05:00",KR,9.7,7.7,95.0
17.0,17.13,91.0,"2023-01-29 13:05:00",FR,9.7,7.7,95.0
17.0,16.66,73.0,"2023-01-29 13:10:00",MR,9.8,7.9,95.0
16.0,15.4,67.0,"2023-01-29 13:10:00",KR,9.8,7.9,95.0
17.0,17.13,91.0,"2023-01-29 13:10:00",FR,9.8,7.9,95.0
17.0,16.66,73.0,"2023-01-29 13:15:00",MR,9.8,8.3,95.0
15.0,14.3,67.0,"2023-01-29 13:15:00",KR,9.8,8.3,95.0
17.0,17.16,92.0,"2023-01-29 13:15:00",FR,9.8,8.3,95.0
17.0,16.71,75.0,"2023-01-29 13:20:00",MR,9.8,8.3,95.0
15.0,14.33,68.0,"2023-01-29 13:20:00",KR,9.8,8.3,95.0
17.0,17.16,92.0,"2023-01-29 13:20:00",FR,9.8,8.3,95.0
17.0,16.92,83.0,"2023-01-29 13:25:00",MR,9.9,8.6,95.0
15.0,14.33,68.0,"2023-01-29 13:25:00",KR,9.9,8.6,95.0
17.0,17.16,92.0,"2023-01-29 13:25:00",FR,9.9,8.6,95.0
17.0,16.95,84.0,"2023-01-29 13:30:00",MR,9.9,8.2,94.0
15.0,14.33,68.0,"2023-01-29 13:30:00",KR,9.9,8.2,94.0
17.0,17.16,92.0,"2023-01-29 13:30:00",FR,9.9,8.2,94.0
17.0,16.92,83.0,"2023-01-29 13:35:00",MR,9.9,8.4,94.0
15.0,14.36,69.0,"2023-01-29 13:35:00",KR,9.9,8.4,94.0
18.0,18.28,93.0,"2023-01-29 13:35:00",FR,9.9,8.4,94.0
17.0,16.97,85.0,"2023-01-29 13:40:00",MR,9.9,8.3,94.0
15.0,14.36,69.0,"2023-01-29 13:40:00",KR,9.9,8.3,94.0
18.0,18.28,93.0,"2023-01-29 13:40:00",FR,9.9,8.3,94.0
17.0,16.97,85.0,"2023-01-29 13:45:00",MR,10.0,8.3,93.0
15.0,14.36,69.0,"2023-01-29 13:45:00",KR,10.0,8.3,93.0
18.0,18.28,93.0,"2023-01-29 13:45:00",FR,10.0,8.3,93.0
17.0,16.95,84.0,"2023-01-29 13:50:00",MR,10.0,8.3,93.0
15.0,14.36,69.0,"2023-01-29 13:50:00",KR,10.0,8.3,93.0
18.0,18.28,93.0,"2023-01-29 13:50:00",FR,10.0,8.3,93.0
17.0,16.95,84.0,"2023-01-29 13:55:00",MR,10.1,10.1,92.0
15.0,14.36,69.0,"2023-01-29 13:55:00",KR,10.1,10.1,92.0
18.0,18.28,93.0,"2023-01-29 13:55:00",FR,10.1,10.1,92.0
17.0,16.92,83.0,"2023-01-29 14:00:00",MR,10.1,10.1,92.0
15.0,14.36,69.0,"2023-01-29 14:00:00",KR,10.1,10.1,92.0
18.0,18.28,93.0,"2023-01-29 14:00:00",FR,10.1,10.1,92.0
17.0,16.9,82.0,"2023-01-29 14:05:00",MR,10.1,10.1,91.0
15.0,14.36,69.0,"2023-01-29 14:05:00",KR,10.1,10.1,91.0
18.0,18.28,93.0,"2023-01-29 14:05:00",FR,10.1,10.1,91.0
17.0,16.87,81.0,"2023-01-29 14:10:00",MR,10.2,10.2,91.0
15.0,14.36,69.0,"2023-01-29 14:10:00",KR,10.2,10.2,91.0
18.0,18.28,93.0,"2023-01-29 14:10:00",FR,10.2,10.2,91.0
17.0,16.87,81.0,"2023-01-29 14:15:00",MR,10.2,10.2,91.0
15.0,14.36,69.0,"2023-01-29 14:15:00",KR,10.2,10.2,91.0
18.0,18.28,93.0,"2023-01-29 14:15:00",FR,10.2,10.2,91.0
17.0,16.84,80.0,"2023-01-29 14:20:00",MR,10.2,10.2,91.0
15.0,14.36,69.0,"2023-01-29 14:20:00",KR,10.2,10.2,91.0
18.0,18.28,93.0,"2023-01-29 14:20:00",FR,10.2,10.2,91.0
17.0,16.84,80.0,"2023-01-29 14:25:00",MR,10.1,10.1,91.0
15.0,14.36,69.0,"2023-01-29 14:25:00",KR,10.1,10.1,91.0
18.0,18.28,93.0,"2023-01-29 14:25:00",FR,10.1,10.1,91.0
17.0,16.82,79.0,"2023-01-29 14:30:00",MR,10.1,10.1,91.0
15.0,14.36,69.0,"2023-01-29 14:30:00",KR,10.1,10.1,91.0
18.0,18.28,93.0,"2023-01-29 14:30:00",FR,10.1,10.1,91.0
17.0,16.82,79.0,"2023-01-29 14:35:00",MR,10.0,8.2,91.0
15.0,14.36,69.0,"2023-01-29 14:35:00",KR,10.0,8.2,91.0
18.0,18.28,93.0,"2023-01-29 14:35:00",FR,10.0,8.2,91.0
17.0,16.79,78.0,"2023-01-29 14:40:00",MR,9.9,8.1,92.0
16.0,15.46,69.0,"2023-01-29 14:40:00",KR,9.9,8.1,92.0
18.0,18.28,93.0,"2023-01-29 14:40:00",FR,9.9,8.1,92.0
17.0,16.79,78.0,"2023-01-29 14:45:00",MR,9.8,8.1,92.0
16.0,15.4,67.0,"2023-01-29 14:45:00",KR,9.8,8.1,92.0
18.0,18.28,93.0,"2023-01-29 14:45:00",FR,9.8,8.1,92.0
18.0,17.89,78.0,"2023-01-29 14:50:00",MR,9.8,8.1,92.0
16.0,15.4,67.0,"2023-01-29 14:50:00",KR,9.8,8.1,92.0
18.0,18.28,93.0,"2023-01-29 14:50:00",FR,9.8,8.1,92.0
18.0,17.87,77.0,"2023-01-29 14:55:00",MR,9.8,8.1,92.0
16.0,15.43,68.0,"2023-01-29 14:55:00",KR,9.8,8.1,92.0
18.0,18.28,93.0,"2023-01-29 14:55:00",FR,9.8,8.1,92.0
18.0,17.87,77.0,"2023-01-29 15:00:00",MR,9.8,7.8,92.0
16.0,15.43,68.0,"2023-01-29 15:00:00",KR,9.8,7.8,92.0
18.0,18.28,93.0,"2023-01-29 15:00:00",FR,9.8,7.8,92.0
18.0,17.87,77.0,"2023-01-29 15:05:00",MR,9.8,7.9,92.0
16.0,15.43,68.0,"2023-01-29 15:05:00",KR,9.8,7.9,92.0
18.0,18.26,92.0,"2023-01-29 15:05:00",FR,9.8,7.9,92.0
18.0,17.84,76.0,"2023-01-29 15:10:00",MR,9.8,7.8,92.0
16.0,15.43,68.0,"2023-01-29 15:10:00",KR,9.8,7.8,92.0
18.0,18.26,92.0,"2023-01-29 15:10:00",FR,9.8,7.8,92.0
18.0,17.84,76.0,"2023-01-29 15:15:00",MR,9.8,8.0,91.0
16.0,15.43,68.0,"2023-01-29 15:15:00",KR,9.8,8.0,91.0
18.0,18.28,93.0,"2023-01-29 15:15:00",FR,9.8,8.0,91.0
18.0,17.84,76.0,"2023-01-29 15:20:00",MR,9.7,7.9,91.0
16.0,15.43,68.0,"2023-01-29 15:20:00",KR,9.7,7.9,91.0
18.0,18.28,93.0,"2023-01-29 15:20:00",FR,9.7,7.9,91.0
18.0,17.84,76.0,"2023-01-29 15:25:00",MR,9.8,8.2,91.0
16.0,15.43,68.0,"2023-01-29 15:25:00",KR,9.8,8.2,91.0
18.0,18.26,92.0,"2023-01-29 15:25:00",FR,9.8,8.2,91.0
18.0,17.84,76.0,"2023-01-29 15:30:00",MR,9.8,8.1,91.0
16.0,15.43,68.0,"2023-01-29 15:30:00",KR,9.8,8.1,91.0
18.0,18.28,93.0,"2023-01-29 15:30:00",FR,9.8,8.1,91.0
18.0,17.84,76.0,"2023-01-29 15:35:00",MR,9.8,8.5,91.0
16.0,15.43,68.0,"2023-01-29 15:35:00",KR,9.8,8.5,91.0
18.0,18.28,93.0,"2023-01-29 15:35:00",FR,9.8,8.5,91.0
18.0,17.84,76.0,"2023-01-29 15:40:00",MR,9.9,8.6,91.0
16.0,15.43,68.0,"2023-01-29 15:40:00",KR,9.9,8.6,91.0
18.0,18.28,93.0,"2023-01-29 15:40:00",FR,9.9,8.6,91.0
18.0,17.84,76.0,"2023-01-29 15:45:00",MR,9.9,8.6,91.0
16.0,15.43,68.0,"2023-01-29 15:45:00",KR,9.9,8.6,91.0
18.0,18.28,93.0,"2023-01-29 15:45:00",FR,9.9,8.6,91.0
18.0,17.84,76.0,"2023-01-29 15:50:00",MR,9.9,8.1,91.0
16.0,15.43,68.0,"2023-01-29 15:50:00",KR,9.9,8.1,91.0
18.0,18.28,93.0,"2023-01-29 15:50:00",FR,9.9,8.1,91.0
18.0,17.84,76.0,"2023-01-29 15:55:00",MR,9.9,8.6,91.0
15.0,14.33,68.0,"2023-01-29 15:55:00",KR,9.9,8.6,91.0
18.0,18.26,92.0,"2023-01-29 15:55:00",FR,9.9,8.6,91.0
18.0,17.84,76.0,"2023-01-29 16:00:00",MR,10.0,8.5,91.0
15.0,14.36,69.0,"2023-01-29 16:00:00",KR,10.0,8.5,91.0
18.0,18.28,93.0,"2023-01-29 16:00:00",FR,10.0,8.5,91.0
17.0,16.71,75.0,"2023-01-29 16:05:00",MR,10.0,8.9,91.0
15.0,14.36,69.0,"2023-01-29 16:05:00",KR,10.0,8.9,91.0
18.0,18.28,93.0,"2023-01-29 16:05:00",FR,10.0,8.9,91.0
17.0,16.71,75.0,"2023-01-29 16:10:00",MR,10.0,8.5,91.0
16.0,15.48,70.0,"2023-01-29 16:10:00",KR,10.0,8.5,91.0
18.0,18.28,93.0,"2023-01-29 16:10:00",FR,10.0,8.5,91.0
17.0,16.71,75.0,"2023-01-29 16:15:00",MR,9.9,9.0,91.0
16.0,15.46,69.0,"2023-01-29 16:15:00",KR,9.9,9.0,91.0
18.0,18.26,92.0,"2023-01-29 16:15:00",FR,9.9,9.0,91.0
17.0,16.71,75.0,"2023-01-29 16:20:00",MR,9.9,8.8,91.0
15.0,14.36,69.0,"2023-01-29 16:20:00",KR,9.9,8.8,91.0
18.0,18.28,93.0,"2023-01-29 16:20:00",FR,9.9,8.8,91.0
17.0,16.71,75.0,"2023-01-29 16:25:00",MR,9.9,8.1,91.0
15.0,14.38,70.0,"2023-01-29 16:25:00",KR,9.9,8.1,91.0
18.0,18.28,93.0,"2023-01-29 16:25:00",FR,9.9,8.1,91.0
17.0,16.69,74.0,"2023-01-29 16:30:00",MR,9.9,8.2,91.0
15.0,14.36,69.0,"2023-01-29 16:30:00",KR,9.9,8.2,91.0
18.0,18.28,93.0,"2023-01-29 16:30:00",FR,9.9,8.2,91.0
17.0,16.71,75.0,"2023-01-29 16:35:00",MR,9.9,8.4,91.0
15.0,14.36,69.0,"2023-01-29 16:35:00",KR,9.9,8.4,91.0
18.0,18.28,93.0,"2023-01-29 16:35:00",FR,9.9,8.4,91.0
17.0,16.71,75.0,"2023-01-29 16:40:00",MR,9.9,8.6,91.0
15.0,14.36,69.0,"2023-01-29 16:40:00",KR,9.9,8.6,91.0
18.0,18.28,93.0,"2023-01-29 16:40:00",FR,9.9,8.6,91.0
17.0,16.71,75.0,"2023-01-29 16:45:00",MR,9.9,8.3,92.0
15.0,14.36,69.0,"2023-01-29 16:45:00",KR,9.9,8.3,92.0
18.0,18.28,93.0,"2023-01-29 16:45:00",FR,9.9,8.3,92.0
17.0,16.71,75.0,"2023-01-29 16:50:00",MR,9.8,8.0,92.0
15.0,14.38,70.0,"2023-01-29 16:50:00",KR,9.8,8.0,92.0
18.0,18.26,92.0,"2023-01-29 16:50:00",FR,9.8,8.0,92.0
17.0,16.74,76.0,"2023-01-29 16:55:00",MR,9.8,8.2,92.0
15.0,14.38,70.0,"2023-01-29 16:55:00",KR,9.8,8.2,92.0
18.0,18.26,92.0,"2023-01-29 16:55:00",FR,9.8,8.2,92.0
17.0,16.71,75.0,"2023-01-29 17:00:00",MR,9.8,8.2,92.0
15.0,14.38,70.0,"2023-01-29 17:00:00",KR,9.8,8.2,92.0
18.0,18.23,91.0,"2023-01-29 17:00:00",FR,9.8,8.2,92.0
17.0,16.71,75.0,"2023-01-29 17:05:00",MR,9.8,8.0,92.0
15.0,14.36,69.0,"2023-01-29 17:05:00",KR,9.8,8.0,92.0
18.0,18.23,91.0,"2023-01-29 17:05:00",FR,9.8,8.0,92.0
17.0,16.69,74.0,"2023-01-29 17:10:00",MR,9.8,8.2,92.0
15.0,14.36,69.0,"2023-01-29 17:10:00",KR,9.8,8.2,92.0
18.0,18.23,91.0,"2023-01-29 17:10:00",FR,9.8,8.2,92.0
17.0,16.69,74.0,"2023-01-29 17:15:00",MR,9.8,7.6,92.0
15.0,14.36,69.0,"2023-01-29 17:15:00",KR,9.8,7.6,92.0
18.0,18.23,91.0,"2023-01-29 17:15:00",FR,9.8,7.6,92.0
17.0,16.69,74.0,"2023-01-29 17:20:00",MR,9.8,7.8,92.0
15.0,14.36,69.0,"2023-01-29 17:20:00",KR,9.8,7.8,92.0
18.0,18.23,91.0,"2023-01-29 17:20:00",FR,9.8,7.8,92.0
17.0,16.69,74.0,"2023-01-29 17:25:00",MR,9.8,7.8,92.0
15.0,14.36,69.0,"2023-01-29 17:25:00",KR,9.8,7.8,92.0
18.0,18.23,91.0,"2023-01-29 17:25:00",FR,9.8,7.8,92.0
17.0,16.69,74.0,"2023-01-29 17:30:00",MR,9.7,7.8,92.0
15.0,14.38,70.0,"2023-01-29 17:30:00",KR,9.7,7.8,92.0
18.0,18.23,91.0,"2023-01-29 17:30:00",FR,9.7,7.8,92.0
17.0,16.71,75.0,"2023-01-29 17:35:00",MR,9.7,7.7,93.0
15.0,14.38,70.0,"2023-01-29 17:35:00",KR,9.7,7.7,93.0
18.0,18.23,91.0,"2023-01-29 17:35:00",FR,9.7,7.7,93.0
17.0,16.71,75.0,"2023-01-29 17:40:00",MR,9.7,7.4,93.0
16.0,15.48,70.0,"2023-01-29 17:40:00",KR,9.7,7.4,93.0
18.0,18.23,91.0,"2023-01-29 17:40:00",FR,9.7,7.4,93.0
17.0,16.69,74.0,"2023-01-29 17:45:00",MR,9.8,7.8,93.0
16.0,15.46,69.0,"2023-01-29 17:45:00",KR,9.8,7.8,93.0
18.0,18.21,90.0,"2023-01-29 17:45:00",FR,9.8,7.8,93.0
18.0,17.84,76.0,"2023-01-29 17:50:00",MR,9.8,7.9,93.0
16.0,15.46,69.0,"2023-01-29 17:50:00",KR,9.8,7.9,93.0
18.0,18.21,90.0,"2023-01-29 17:50:00",FR,9.8,7.9,93.0
18.0,17.81,75.0,"2023-01-29 17:55:00",MR,9.8,7.6,93.0
16.0,15.43,68.0,"2023-01-29 17:55:00",KR,9.8,7.6,93.0
18.0,18.21,90.0,"2023-01-29 17:55:00",FR,9.8,7.6,93.0
18.0,17.81,75.0,"2023-01-29 18:00:00",MR,9.7,7.1,94.0
16.0,15.43,68.0,"2023-01-29 18:00:00",KR,9.7,7.1,94.0
18.0,18.21,90.0,"2023-01-29 18:00:00",FR,9.7,7.1,94.0
18.0,17.79,74.0,"2023-01-29 18:05:00",MR,9.7,7.1,94.0
17.0,16.5,67.0,"2023-01-29 18:05:00",KR,9.7,7.1,94.0
18.0,18.18,89.0,"2023-01-29 18:05:00",FR,9.7,7.1,94.0
18.0,17.79,74.0,"2023-01-29 18:10:00",MR,9.7,7.5,94.0
17.0,16.5,67.0,"2023-01-29 18:10:00",KR,9.7,7.5,94.0
18.0,18.21,90.0,"2023-01-29 18:10:00",FR,9.7,7.5,94.0
18.0,17.79,74.0,"2023-01-29 18:15:00",MR,9.7,7.3,95.0
17.0,16.53,68.0,"2023-01-29 18:15:00",KR,9.7,7.3,95.0
18.0,18.21,90.0,"2023-01-29 18:15:00",FR,9.7,7.3,95.0
18.0,17.79,74.0,"2023-01-29 18:20:00",MR,9.7,7.1,95.0
17.0,16.53,68.0,"2023-01-29 18:20:00",KR,9.7,7.1,95.0
18.0,18.21,90.0,"2023-01-29 18:20:00",FR,9.7,7.1,95.0
18.0,17.79,74.0,"2023-01-29 18:25:00",MR,9.7,7.5,95.0
17.0,16.5,67.0,"2023-01-29 18:25:00",KR,9.7,7.5,95.0
18.0,18.23,91.0,"2023-01-29 18:25:00",FR,9.7,7.5,95.0
18.0,18.02,83.0,"2023-01-29 18:30:00",MR,9.7,7.8,95.0
16.0,15.4,67.0,"2023-01-29 18:30:00",KR,9.7,7.8,95.0
18.0,18.23,91.0,"2023-01-29 18:30:00",FR,9.7,7.8,95.0
18.0,18.0,82.0,"2023-01-29 18:35:00",MR,9.7,7.7,95.0
16.0,15.4,67.0,"2023-01-29 18:35:00",KR,9.7,7.7,95.0
18.0,18.23,91.0,"2023-01-29 18:35:00",FR,9.7,7.7,95.0
18.0,17.97,81.0,"2023-01-29 18:40:00",MR,9.6,8.0,95.0
16.0,15.4,67.0,"2023-01-29 18:40:00",KR,9.6,8.0,95.0
18.0,18.26,92.0,"2023-01-29 18:40:00",FR,9.6,8.0,95.0
18.0,17.97,81.0,"2023-01-29 18:45:00",MR,9.4,7.6,95.0
16.0,15.4,67.0,"2023-01-29 18:45:00",KR,9.4,7.6,95.0
19.0,19.38,93.0,"2023-01-29 18:45:00",FR,9.4,7.6,95.0
18.0,17.97,81.0,"2023-01-29 18:50:00",MR,9.1,7.5,95.0
16.0,15.4,67.0,"2023-01-29 18:50:00",KR,9.1,7.5,95.0
19.0,19.38,93.0,"2023-01-29 18:50:00",FR,9.1,7.5,95.0
18.0,17.94,80.0,"2023-01-29 18:55:00",MR,8.9,7.2,95.0
16.0,15.4,67.0,"2023-01-29 18:55:00",KR,8.9,7.2,95.0
19.0,19.38,93.0,"2023-01-29 18:55:00",FR,8.9,7.2,95.0
18.0,17.94,80.0,"2023-01-29 19:00:00",MR,8.7,6.9,95.0
16.0,15.4,67.0,"2023-01-29 19:00:00",KR,8.7,6.9,95.0
19.0,19.38,93.0,"2023-01-29 19:00:00",FR,8.7,6.9,95.0
18.0,17.94,80.0,"2023-01-29 19:05:00",MR,8.7,6.9,96.0
16.0,15.4,67.0,"2023-01-29 19:05:00",KR,8.7,6.9,96.0
19.0,19.38,93.0,"2023-01-29 19:05:00",FR,8.7,6.9,96.0
18.0,17.92,79.0,"2023-01-29 19:10:00",MR,8.7,7.5,96.0
16.0,15.4,67.0,"2023-01-29 19:10:00",KR,8.7,7.5,96.0
19.0,19.38,93.0,"2023-01-29 19:10:00",FR,8.7,7.5,96.0
18.0,17.94,80.0,"2023-01-29 19:15:00",MR,8.6,7.6,96.0
16.0,15.4,67.0,"2023-01-29 19:15:00",KR,8.6,7.6,96.0
19.0,19.38,93.0,"2023-01-29 19:15:00",FR,8.6,7.6,96.0
18.0,17.92,79.0,"2023-01-29 19:20:00",MR,8.6,7.7,96.0
16.0,15.4,67.0,"2023-01-29 19:20:00",KR,8.6,7.7,96.0
19.0,19.38,93.0,"2023-01-29 19:20:00",FR,8.6,7.7,96.0
18.0,17.92,79.0,"2023-01-29 19:25:00",MR,8.6,7.1,96.0
16.0,15.43,68.0,"2023-01-29 19:25:00",KR,8.6,7.1,96.0
19.0,19.38,93.0,"2023-01-29 19:25:00",FR,8.6,7.1,96.0
18.0,17.92,79.0,"2023-01-29 19:30:00",MR,8.5,6.8,96.0
16.0,15.43,68.0,"2023-01-29 19:30:00",KR,8.5,6.8,96.0
19.0,19.38,93.0,"2023-01-29 19:30:00",FR,8.5,6.8,96.0
18.0,17.94,80.0,"2023-01-29 19:35:00",MR,8.4,7.1,96.0
16.0,15.4,67.0,"2023-01-29 19:35:00",KR,8.4,7.1,96.0
19.0,19.38,93.0,"2023-01-29 19:35:00",FR,8.4,7.1,96.0
18.0,17.94,80.0,"2023-01-29 19:40:00",MR,8.3,7.4,96.0
16.0,15.43,68.0,"2023-01-29 19:40:00",KR,8.3,7.4,96.0
19.0,19.38,93.0,"2023-01-29 19:40:00",FR,8.3,7.4,96.0
18.0,17.94,80.0,"2023-01-29 19:45:00",MR,8.3,7.0,96.0
16.0,15.43,68.0,"2023-01-29 19:45:00",KR,8.3,7.0,96.0
19.0,19.38,93.0,"2023-01-29 19:45:00",FR,8.3,7.0,96.0
18.0,17.92,79.0,"2023-01-29 19:50:00",MR,8.2,7.3,96.0
16.0,15.43,68.0,"2023-01-29 19:50:00",KR,8.2,7.3,96.0
19.0,19.38,93.0,"2023-01-29 19:50:00",FR,8.2,7.3,96.0
18.0,17.92,79.0,"2023-01-29 19:55:00",MR,8.2,7.2,96.0
16.0,15.43,68.0,"2023-01-29 19:55:00",KR,8.2,7.2,96.0
19.0,19.38,93.0,"2023-01-29 19:55:00",FR,8.2,7.2,96.0
18.0,17.92,79.0,"2023-01-29 20:00:00",MR,8.2,7.7,96.0
16.0,15.43,68.0,"2023-01-29 20:00:00",KR,8.2,7.7,96.0
19.0,19.38,93.0,"2023-01-29 20:00:00",FR,8.2,7.7,96.0
18.0,17.92,79.0,"2023-01-29 20:05:00",MR,8.2,7.3,96.0
16.0,15.43,68.0,"2023-01-29 20:05:00",KR,8.2,7.3,96.0
19.0,19.38,93.0,"2023-01-29 20:05:00",FR,8.2,7.3,96.0
18.0,17.89,78.0,"2023-01-29 20:10:00",MR,8.3,7.2,96.0
16.0,15.43,68.0,"2023-01-29 20:10:00",KR,8.3,7.2,96.0
19.0,19.38,93.0,"2023-01-29 20:10:00",FR,8.3,7.2,96.0
18.0,17.89,78.0,"2023-01-29 20:15:00",MR,8.3,7.2,95.0
16.0,15.43,68.0,"2023-01-29 20:15:00",KR,8.3,7.2,95.0
19.0,19.38,93.0,"2023-01-29 20:15:00",FR,8.3,7.2,95.0
18.0,17.89,78.0,"2023-01-29 20:20:00",MR,8.3,7.2,95.0
16.0,15.43,68.0,"2023-01-29 20:20:00",KR,8.3,7.2,95.0
19.0,19.38,93.0,"2023-01-29 20:20:00",FR,8.3,7.2,95.0
18.0,17.89,78.0,"2023-01-29 20:30:00",MR,8.1,6.4,95.0
16.0,15.43,68.0,"2023-01-29 20:30:00",KR,8.1,6.4,95.0
19.0,19.38,93.0,"2023-01-29 20:30:00",FR,8.1,6.4,95.0
18.0,17.89,78.0,"2023-01-29 20:35:00",MR,8.0,6.0,95.0
16.0,15.43,68.0,"2023-01-29 20:35:00",KR,8.0,6.0,95.0
19.0,19.38,93.0,"2023-01-29 20:35:00",FR,8.0,6.0,95.0
18.0,17.87,77.0,"2023-01-29 20:40:00",MR,7.9,5.9,95.0
16.0,15.4,67.0,"2023-01-29 20:40:00",KR,7.9,5.9,95.0
19.0,19.38,93.0,"2023-01-29 20:40:00",FR,7.9,5.9,95.0
18.0,17.87,77.0,"2023-01-29 20:45:00",MR,7.8,6.0,94.0
16.0,15.4,67.0,"2023-01-29 20:45:00",KR,7.8,6.0,94.0
19.0,19.38,93.0,"2023-01-29 20:45:00",FR,7.8,6.0,94.0
18.0,17.87,77.0,"2023-01-29 20:50:00",MR,7.9,5.9,94.0
15.0,14.3,67.0,"2023-01-29 20:50:00",KR,7.9,5.9,94.0
19.0,19.38,93.0,"2023-01-29 20:50:00",FR,7.9,5.9,94.0
18.0,17.87,77.0,"2023-01-29 20:55:00",MR,7.9,5.8,93.0
16.0,15.43,68.0,"2023-01-29 20:55:00",KR,7.9,5.8,93.0
19.0,19.38,93.0,"2023-01-29 20:55:00",FR,7.9,5.8,93.0
18.0,17.87,77.0,"2023-01-29 21:00:00",MR,8.0,6.2,92.0
16.0,15.43,68.0,"2023-01-29 21:00:00",KR,8.0,6.2,92.0
19.0,19.38,93.0,"2023-01-29 21:00:00",FR,8.0,6.2,92.0
18.0,17.87,77.0,"2023-01-29 21:05:00",MR,8.0,6.2,91.0
16.0,15.4,67.0,"2023-01-29 21:05:00",KR,8.0,6.2,91.0
19.0,19.38,93.0,"2023-01-29 21:05:00",FR,8.0,6.2,91.0
18.0,17.87,77.0,"2023-01-29 21:10:00",MR,8.1,6.2,91.0
15.0,14.3,67.0,"2023-01-29 21:10:00",KR,8.1,6.2,91.0
19.0,19.38,93.0,"2023-01-29 21:10:00",FR,8.1,6.2,91.0
18.0,17.87,77.0,"2023-01-29 21:15:00",MR,8.1,6.4,91.0
15.0,14.33,68.0,"2023-01-29 21:15:00",KR,8.1,6.4,91.0
19.0,19.38,93.0,"2023-01-29 21:15:00",FR,8.1,6.4,91.0
18.0,17.87,77.0,"2023-01-29 21:20:00",MR,8.2,7.2,90.0
15.0,14.33,68.0,"2023-01-29 21:20:00",KR,8.2,7.2,90.0
19.0,19.38,93.0,"2023-01-29 21:20:00",FR,8.2,7.2,90.0
18.0,17.84,76.0,"2023-01-29 21:25:00",MR,8.1,6.4,88.0
15.0,14.33,68.0,"2023-01-29 21:25:00",KR,8.1,6.4,88.0
19.0,19.38,93.0,"2023-01-29 21:25:00",FR,8.1,6.4,88.0
18.0,17.84,76.0,"2023-01-29 21:30:00",MR,8.0,7.0,86.0
15.0,14.33,68.0,"2023-01-29 21:30:00",KR,8.0,7.0,86.0
19.0,19.38,93.0,"2023-01-29 21:30:00",FR,8.0,7.0,86.0
18.0,17.84,76.0,"2023-01-29 21:35:00",MR,8.0,6.3,86.0
15.0,14.33,68.0,"2023-01-29 21:35:00",KR,8.0,6.3,86.0
19.0,19.38,93.0,"2023-01-29 21:35:00",FR,8.0,6.3,86.0
18.0,17.84,76.0,"2023-01-29 21:40:00",MR,8.0,6.8,85.0
15.0,14.33,68.0,"2023-01-29 21:40:00",KR,8.0,6.8,85.0
19.0,19.38,93.0,"2023-01-29 21:40:00",FR,8.0,6.8,85.0
18.0,17.84,76.0,"2023-01-29 21:45:00",MR,8.0,6.1,84.0
15.0,14.33,68.0,"2023-01-29 21:45:00",KR,8.0,6.1,84.0
19.0,19.38,93.0,"2023-01-29 21:45:00",FR,8.0,6.1,84.0
18.0,17.84,76.0,"2023-01-29 21:50:00",MR,8.0,6.2,84.0
15.0,14.33,68.0,"2023-01-29 21:50:00",KR,8.0,6.2,84.0
19.0,19.38,93.0,"2023-01-29 21:50:00",FR,8.0,6.2,84.0
18.0,17.81,75.0,"2023-01-29 21:55:00",MR,7.9,6.3,84.0
15.0,14.33,68.0,"2023-01-29 21:55:00",KR,7.9,6.3,84.0
19.0,19.38,93.0,"2023-01-29 21:55:00",FR,7.9,6.3,84.0
18.0,17.81,75.0,"2023-01-29 22:00:00",MR,7.8,6.5,84.0
15.0,14.33,68.0,"2023-01-29 22:00:00",KR,7.8,6.5,84.0
19.0,19.38,93.0,"2023-01-29 22:00:00",FR,7.8,6.5,84.0
17.0,16.69,74.0,"2023-01-29 22:05:00",MR,8.0,6.4,84.0
15.0,14.33,68.0,"2023-01-29 22:05:00",KR,8.0,6.4,84.0
18.0,18.28,93.0,"2023-01-29 22:05:00",FR,8.0,6.4,84.0
17.0,16.66,73.0,"2023-01-29 22:10:00",MR,8.0,6.7,83.0
15.0,14.33,68.0,"2023-01-29 22:10:00",KR,8.0,6.7,83.0
18.0,18.28,93.0,"2023-01-29 22:10:00",FR,8.0,6.7,83.0
17.0,16.66,73.0,"2023-01-29 22:15:00",MR,8.0,6.3,82.0
15.0,14.36,69.0,"2023-01-29 22:15:00",KR,8.0,6.3,82.0
18.0,18.28,93.0,"2023-01-29 22:15:00",FR,8.0,6.3,82.0
17.0,16.66,73.0,"2023-01-29 22:20:00",MR,7.9,6.4,80.0
15.0,14.36,69.0,"2023-01-29 22:20:00",KR,7.9,6.4,80.0
18.0,18.28,93.0,"2023-01-29 22:20:00",FR,7.9,6.4,80.0
17.0,16.66,73.0,"2023-01-29 22:25:00",MR,7.9,6.1,78.0
15.0,14.36,69.0,"2023-01-29 22:25:00",KR,7.9,6.1,78.0
18.0,18.28,93.0,"2023-01-29 22:25:00",FR,7.9,6.1,78.0
17.0,16.64,72.0,"2023-01-29 22:30:00",MR,7.9,6.3,77.0
15.0,14.36,69.0,"2023-01-29 22:30:00",KR,7.9,6.3,77.0
18.0,18.28,93.0,"2023-01-29 22:30:00",FR,7.9,6.3,77.0
17.0,16.64,72.0,"2023-01-29 22:35:00",MR,7.9,6.5,79.0
15.0,14.36,69.0,"2023-01-29 22:35:00",KR,7.9,6.5,79.0
18.0,18.28,93.0,"2023-01-29 22:35:00",FR,7.9,6.5,79.0
17.0,16.64,72.0,"2023-01-29 22:40:00",MR,7.9,6.7,80.0
15.0,14.38,70.0,"2023-01-29 22:40:00",KR,7.9,6.7,80.0
18.0,18.28,93.0,"2023-01-29 22:40:00",FR,7.9,6.7,80.0
17.0,16.64,72.0,"2023-01-29 22:45:00",MR,7.9,6.4,80.0
15.0,14.33,68.0,"2023-01-29 22:45:00",KR,7.9,6.4,80.0
18.0,18.28,93.0,"2023-01-29 22:45:00",FR,7.9,6.4,80.0
17.0,16.61,71.0,"2023-01-29 22:50:00",MR,7.9,6.3,79.0
15.0,14.33,68.0,"2023-01-29 22:50:00",KR,7.9,6.3,79.0
18.0,18.28,93.0,"2023-01-29 22:50:00",FR,7.9,6.3,79.0
17.0,16.61,71.0,"2023-01-29 22:55:00",MR,7.8,6.0,79.0
15.0,14.33,68.0,"2023-01-29 22:55:00",KR,7.8,6.0,79.0
18.0,18.28,93.0,"2023-01-29 22:55:00",FR,7.8,6.0,79.0
17.0,16.61,71.0,"2023-01-29 23:00:00",MR,7.9,6.9,76.0
15.0,14.33,68.0,"2023-01-29 23:00:00",KR,7.9,6.9,76.0
18.0,18.28,93.0,"2023-01-29 23:00:00",FR,7.9,6.9,76.0
17.0,16.61,71.0,"2023-01-29 23:05:00",MR,7.9,6.2,79.0
15.0,14.33,68.0,"2023-01-29 23:05:00",KR,7.9,6.2,79.0
18.0,18.28,93.0,"2023-01-29 23:05:00",FR,7.9,6.2,79.0
17.0,16.61,71.0,"2023-01-29 23:10:00",MR,7.9,6.1,77.0
15.0,14.36,69.0,"2023-01-29 23:10:00",KR,7.9,6.1,77.0
18.0,18.28,93.0,"2023-01-29 23:10:00",FR,7.9,6.1,77.0
17.0,16.61,71.0,"2023-01-29 23:15:00",MR,7.9,6.1,78.0
15.0,14.36,69.0,"2023-01-29 23:15:00",KR,7.9,6.1,78.0
18.0,18.28,93.0,"2023-01-29 23:15:00",FR,7.9,6.1,78.0
17.0,16.61,71.0,"2023-01-29 23:20:00",MR,8.0,7.5,78.0
15.0,14.36,69.0,"2023-01-29 23:20:00",KR,8.0,7.5,78.0
18.0,18.28,93.0,"2023-01-29 23:20:00",FR,8.0,7.5,78.0
17.0,16.61,71.0,"2023-01-29 23:25:00",MR,8.0,7.0,79.0
15.0,14.36,69.0,"2023-01-29 23:25:00",KR,8.0,7.0,79.0
18.0,18.28,93.0,"2023-01-29 23:25:00",FR,8.0,7.0,79.0
17.0,16.61,71.0,"2023-01-29 23:30:00",MR,8.0,6.7,81.0
15.0,14.36,69.0,"2023-01-29 23:30:00",KR,8.0,6.7,81.0
18.0,18.28,93.0,"2023-01-29 23:30:00",FR,8.0,6.7,81.0
17.0,16.61,71.0,"2023-01-29 23:35:00",MR,8.0,6.7,81.0
15.0,14.36,69.0,"2023-01-29 23:35:00",KR,8.0,6.7,81.0
18.0,18.28,93.0,"2023-01-29 23:35:00",FR,8.0,6.7,81.0
17.0,16.58,70.0,"2023-01-29 23:40:00",MR,8.0,6.4,81.0
15.0,14.38,70.0,"2023-01-29 23:40:00",KR,8.0,6.4,81.0
18.0,18.28,93.0,"2023-01-29 23:40:00",FR,8.0,6.4,81.0
17.0,16.58,70.0,"2023-01-29 23:45:00",MR,8.0,6.4,79.0
15.0,14.38,70.0,"2023-01-29 23:45:00",KR,8.0,6.4,79.0
18.0,18.28,93.0,"2023-01-29 23:45:00",FR,8.0,6.4,79.0
17.0,16.61,71.0,"2023-01-29 23:50:00",MR,8.0,6.8,77.0
15.0,14.38,70.0,"2023-01-29 23:50:00",KR,8.0,6.8,77.0
18.0,18.28,93.0,"2023-01-29 23:50:00",FR,8.0,6.8,77.0
17.0,16.58,70.0,"2023-01-29 23:55:00",MR,8.0,6.8,79.0
15.0,14.38,70.0,"2023-01-29 23:55:00",KR,8.0,6.8,79.0
18.0,18.28,93.0,"2023-01-29 23:55:00",FR,8.0,6.8,79.0
